ID,Tipo,SKU,"GTIN, UPC, EAN o ISBN",Nombre,Publicado,"¿Está destacado?","Visibilidad en el catálogo","Descripción corta",Descripción,"Día en que empieza el precio rebajado","Día en que termina el precio rebajado","Estado del impuesto","Clase de impuesto",¿Existencias?,Inventario,"Cantidad de bajo inventario","¿Permitir reservas de productos agotados?","¿Vendido individualmente?","Peso (kg)","Longitud (cm)","Anchura (cm)","Altura (cm)","¿Permitir valoraciones de clientes?","Nota de compra","Precio rebajado","Precio normal",Categorías,Etiquetas,"Clase de envío",Imágenes,"Límite de descargas","Días de caducidad de la descarga",Superior,"Productos agrupados","Ventas dirigidas","Ventas cruzadas","URL externa","Texto del botón",Posición,Marcas,"Meta: header_view","Meta: layout","Meta: _eael_post_view_count","Meta: _new_product","Meta: _wp_old_date"
35031,simple,,,"Play Station 5 Slim Nueva C/ Lector",1,1,visible,,,,,taxable,,0,0,,0,0,3.2,35.8,96,21.6,0,,599990,629990,"Playstation, Playstation > Ps5",,,"https://gamerhouse.cl/wp-content/uploads/2024/12/ps5-slim.jpg, https://gamerhouse.cl/wp-content/uploads/2024/12/4_8fe90e1a-a67c-4979-a0bd-dff3ec319a61_800x.webp",,,,,,,,,0,,default,right-sidebar,1158,
35268,simple,,,"Nintendo switch oled magica reacondicionada",1,0,visible,,"Nintendo sw oled con magia\nREACONDICIONADA\nincluye\nhandgrip\nstraps\ndock\ntransformados\npar de joy cons\ntodo original y sin uso\nmemoria sd128gb con 20 juegos cargados mas emuladores",,,taxable,,1,1,,0,0,3,30,25,12,0,,349990,399990,"Nintendo > Consolas",,,https://gamerhouse.cl/wp-content/uploads/2024/12/Photoroom-20241214_093543-1.png,,,,,,,,,0,,default,right-sidebar,1601,no
35570,simple,,,"Armarouge Ex Box Premium Collection En Ingles",1,0,visible,,"OKEMON\n\nARMAROUGE EX PREMIUM COLLECTION\n\nIDIOMA INGLES\n\nLa Caja Pokémon TCG: Armarouge ex Premium Collection incluye:\n\n-1 tarjeta promocional grabada con Armarouge ex\n\n-2 cartas promocionales de Charcadet y Ceruledge\n\n-6 sobres Pokémon TCG\n\n-1 protector magnético de cartas con base expositora\n\n-65 fundas de cartas con Armarouge y Ceruledge\n\n-Una tarjeta de código para Pokémon TCG Live",,,taxable,,1,1,,0,0,1,20,20,10,0,,,34990,"Pokemon TCG, Pokemon TCG > Premium Collection",,,https://gamerhouse.cl/wp-content/uploads/2025/02/armourge.jpg,,,,,,,,,0,,default,right-sidebar,544,no
35572,simple,,,"Elite Trainer Box Fabula Sombia Español",1,0,visible,,"ELITE TRAINER BOX FABULA SOMBRIA\nIDIOMA : ESPAÑOL\nNUEVO ORIGINAL\n\nCONTENIDO :\nLa Caja de Entrenador Élite de Escarlata y Púrpura-Fábula Sombría de JCC Pokémon contiene:\n\n-9 paquetes de mejora de Escarlata y Púrpura-Fábula Sombría de JCC Pokémon\n-1 carta holográfica de promoción con ilustración expandida de Pecharunt\n-65 fundas para cartas de Okidogi, Munkidori y Fezandipiti\n-45 cartas de Energía de JCC Pokémon\n-1 guía para jugadores de la expansión Escarlata y Púrpura-Fábula Sombría\n-6 dados a modo de contadores de daño\n-1 dado para lanzamiento de moneda válido para competencias legales\n-2 marcadores de condición de plástico\n-1 caja de coleccionista con 4 divisores para guardarlo todo de forma organizada\n-1 carta con código para el Juego de Cartas Coleccionables Pokémon Live",,,taxable,,1,1,,0,0,1,20,20,15,0,,,54990,"Pokemon TCG > Elite Trainer Box, Pokemon TCG",,,https://gamerhouse.cl/wp-content/uploads/2025/02/fabula.jpg,,,,,,,,,0,,default,right-sidebar,622,no
35574,simple,,,"Elite Trainer Box - Twilight Masquerade Idioma Español",1,0,visible,,"• 9 paquetes de mejora de Escarlata y Púrpura-Mascarada Crepuscular de JCC Pokémon\n• 1 carta holográfica de promoción con ilustración expandida de Ogerpon Máscara Turquesa\n• 65 fundas para cartas de Ogerpon\n• 45 cartas de Energía de JCC Pokémon\n• 1 guía para jugadores de la expansión Escarlata y Púrpura-Mascarada Crepuscular\n• 6 dados a modo de contadores de daño\n• 1 dado para lanzamiento de moneda válido para competiciones legales\n• 2 marcadores de condición de plástico\n• 1 caja de coleccionista con 4 divisores para guardarlo todo de forma organizada\n• 1 carta con código para el Juego de Cartas Coleccionables Pokémon Live",,,taxable,,1,1,,0,0,1,20,20,15,0,,,49990,"Pokemon TCG > Elite Trainer Box",,,https://gamerhouse.cl/wp-content/uploads/2025/02/mascar.jpg,,,,,,,,,0,,default,right-sidebar,576,no
35644,simple,,,"Pokemon Tcg Binder Collection Prismatic Evolutions Español Poster Collection",1,0,visible,,"Colección de cartas Pokémon TCG Prismatic Evolutions, diseñada para los entusiastas de todas las edades. Este producto incluye un total de 50 cartas, cada una foliada y con un acabado holográfico que resalta su belleza y rareza. Ideal para jugadores a partir de 6 años, este conjunto es perfecto para disfrutar de emocionantes batallas en pareja, fomentando la estrategia y la diversión.\n\nLa edición Prismatic Evolutions ofrece una experiencia única, combinando la nostalgia de los clásicos con un diseño moderno y atractivo. Cada carta ha sido cuidadosamente seleccionada para garantizar que tu colección sea tanto impresionante como competitiva. Con un total de 51 elementos, este producto es una excelente adición para cualquier coleccionista o jugador que busque mejorar su mazo.\n\nAdemás, la calidad de las cartas asegura que se mantendrán en óptimas condiciones durante mucho tiempo, permitiendo que cada partida sea memorable. Ya sea que estés comenzando tu aventura en el mundo de Pokémon o buscando expandir tu colección, este conjunto es una opción que no puedes dejar pasar.",,,taxable,,1,6,,0,0,1,20,20,10,0,,,40000,"Pokemon TCG, Pokemon TCG > Special Collection",,,https://gamerhouse.cl/wp-content/uploads/2025/03/binder-prismatic.jpg,,,,,,,,,0,,default,right-sidebar,445,no
35656,simple,,,"Pokémon Surging Sparks Bundle Español",1,0,visible,,"¡Arrecia una borrasca de poder Astral!\n¡Todo un torrente de teravatios eléctricos se precipita desde los cielos sobre un paraíso tropical, preparando el terreno para la llegada de un supercargado Pikachu ex!\nCon el poder que irradia como Pokémon ex Teracristal Astral, Pikachu ex ilumina la costa, desvelando un desfile de Pokémon dragones liderado por el imponente Exeggutor de Alola ex.\nArchaludon ex y Latias ex completan el escuadrón, mientras nuevas cartas de AS TÁCTICO e inéditos Pokémon ex auguran muchas más sorpresas.\n¡La tensión aumenta y los dragones rugen en la expansión Escarlata y Púrpura-Chispas Fulgurantes de JCC Pokémon!",,,taxable,,1,1,,0,0,0.5,10,10,5,0,,,34990,"Pokemon TCG > Booster Bundle, Pokemon TCG",,,https://gamerhouse.cl/wp-content/uploads/2025/03/bundle-chispas.jpg,,,,,,,,,0,,default,right-sidebar,436,no
35658,simple,,,"Pokemon Bundle Shrouded Fable Español",1,0,visible,,"POKEMON\n\nBUNDLE FABULA SOMBRIA\n\nIDIOMA : ESPAÑOL\n\nCONTENIDO :\n-6 SOBRES FABULA SOMBRIA ORIGINALES",,,taxable,,1,1,,0,0,0.5,10,10,5,0,,,29990,"Pokemon TCG > Booster Bundle, Pokemon TCG",,,https://gamerhouse.cl/wp-content/uploads/2025/03/bundle-fabula.jpg,,,,,,,,,0,,default,right-sidebar,441,no
35660,simple,,,"Pokemon Tcg Booster Bundle Prismatic Evolutions Español",1,0,visible,,"Sumérgete en el emocionante mundo de Pokémon con el Booster Bundle Prismatic Evolutions en ESPAÑOL. Este conjunto incluye 60 cartas cuidadosamente seleccionadas que te permitirán expandir tu colección y mejorar tus estrategias de juego. Diseñado para jugadores a partir de 6 años, es perfecto para disfrutar en pareja, fomentando la competencia y la diversión en cada partida.\n\nLas cartas de esta edición son foliada y holográfica, lo que les otorga un brillo especial que encantará a los coleccionistas y jugadores por igual. Con un total de 20 piezas, cada carta es una oportunidad para descubrir nuevas combinaciones y tácticas que te llevarán a la victoria. Este producto es ideal para quienes buscan enriquecer su experiencia en el Pokémon TCG y disfrutar de horas de entretenimiento.\n\nEl Booster Bundle Prismatic Evolutions no solo es una excelente adición a tu colección, sino que también es un regalo perfecto para los amantes de Pokémon. Con su atractivo diseño y la calidad que caracteriza a The Pokémon Company, cada carta es una pieza única que puede marcar la diferencia en tus duelos. No te pierdas la oportunidad de ser parte de esta aventura y llevar tu juego al siguiente nivel.",,,taxable,,0,0,,0,0,0.5,10,10,5,0,,39990,44990,"Pokemon TCG > Booster Bundle, Pokemon TCG",,,https://gamerhouse.cl/wp-content/uploads/2025/03/bundle-prisma.jpg,,,,,,,,,0,,default,right-sidebar,543,no
35675,simple,,,"Pokemon Iono Premium Tournament Español E-nigma",1,0,visible,,"PRODUCTO EN ESPAÑOL\n\nMantén los ojos en el premio... ¡con e-Nigma!\n¡Holichiwa, electrolitos míos! La Líder del Gimnasio de Ciudad Leudal y megainfluencer e-Nigma puede atrapar a tu rival en su Electrotela para ayudarte a remontar cuando todo parezca perdido. ¡Y esta colección llega lista para el combate con 4 ejemplares de esta carta para incorporar a tu próxima baraja! Además, encontrarás fundas para cartas, una caja para tu baraja y una moneda coleccionable de e-Nigma, junto con paquetes de mejora, dados y otros accesorios para jugar a JCC Pokémon.\n\nLa colección torneo prémium e-Nigma de JCC Pokémon contiene:\n\n1 carta holográfica de Partidario de e-Nigma con ilustración expandida\n3 cartas holográficas de Partidario adicionales de e-Nigma\n65 fundas para cartas de e-Nigma\n1 robusta caja para cartas de e-Nigma\n1 moneda de gran tamaño de e-Nigma\n2 monedas a modo de marcadores de condición\n6 dados a modo de contadores de daño aptos para torneos\n6 paquetes de mejora de JCC Pokémon\n1 carta con código para JCC Pokémon Live",,,taxable,,0,0,,0,0,0.5,10,10,10,0,,,34990,"Pokemon TCG, Pokemon TCG > Special Collection",,,https://gamerhouse.cl/wp-content/uploads/2025/03/iono.jpg,,,,,,,,,0,,default,right-sidebar,439,no
35684,simple,,,"Pokémon TCG: Baraja de batalla de la ex liga Miraidon INGLES",1,0,visible,,"<ul class=""a-unordered-list a-vertical a-spacing-mini"">\n 	<li class=""a-spacing-mini""><span class=""a-list-item"">También encontrará una hoja de estrategia y una tarjeta de código para jugar este mazo en línea</span></li>\n 	<li class=""a-spacing-mini""><span class=""a-list-item"">¡Carga con Miraidon ex y Regieleki VMAX!</span></li>\n 	<li class=""a-spacing-mini""><span class=""a-list-item"">Con un conjunto bien afinado de cartas Pokémon y Entrenador, este mazo de batalla de la liga reúne todos los elementos para apoyarte en tu próximo partido</span></li>\n</ul>",,,taxable,,0,0,,0,0,0.5,15,15,10,0,,,34990,"Pokemon TCG > Leagle Batle Deck, Pokemon TCG",,,https://gamerhouse.cl/wp-content/uploads/2025/03/miraidon-ex.jpg,,,,,,,,,0,,default,right-sidebar,339,no
35686,simple,,,"Pokemon Tcg: Ogerpon Ex Premium Collection INGLES",1,0,visible,,"¡Desenmascara el poder de una leyenda!\nEl Pokémon legendario Ogerpon es un combatiente adorable a la par que feroz, ¡y la teracristalización eleva su fuerza a niveles aún mayores! Con esta colección, podrás incorporar a tu equipo, en forma de cartas holográficas especiales, a Ogerpon Máscara Turquesa como Pokémon ex Teracristal, acompañado por otra versión de Ogerpon Máscara Turquesa y la carta de Entrenador Máscara del Ogro. ¡El protector de cartas, el set de fundas para cartas y el puñado de paquetes de mejora que se incluyen harán que tu nueva amistad con Ogerpon resulte inolvidable!\nLa colección prémium Ogerpon ex de JCC Pokémon contiene:\n\n1 carta holográfica de promoción de Ogerpon Máscara Turquesa ex\n\n1 carta holográfica de Ogerpon Máscara Turquesa\n\n1 carta holográfica de Entrenador de Máscara del Ogro\n\n6 paquetes de mejora de JCC Pokémon\n\n1 protector magnético para cartas con soporte de exhibición\n\n65 fundas para cartas de Ogerpon\n\n1 carta con código para JCC Pokémon Live",,,taxable,,1,1,,0,0,1,20,20,10,0,,,44990,"Pokemon TCG, Pokemon TCG > Premium Collection",,,https://gamerhouse.cl/wp-content/uploads/2025/03/ogerporn-ex.jpg,,,,,,,,,0,,default,right-sidebar,284,no
35694,simple,,,"Pokemon Tcg Tech Sticker Prismatic Evolutions Azar Español Jolteon Flareon Vaporeon",1,0,visible,,"Sumérgete en el emocionante mundo de Pokémon TCG con el Tech Sticker Prismatic Evolutions en español. Este conjunto incluye 31 cartas que te permitirán expandir tu colección y mejorar tus estrategias de juego. Diseñado para jugadores a partir de 6 años, es perfecto para disfrutar en pareja, fomentando la interacción y la diversión en cada partida.\n\nLas cartas son holográficas y folidas, lo que les otorga un acabado brillante y atractivo, ideal para los coleccionistas. Aunque no son a prueba de agua, su calidad asegura que cada carta mantenga su esplendor durante muchas batallas. Con un total de 32 elementos, este producto es una excelente adición para quienes buscan enriquecer su experiencia en el juego.\n\nLa edición Prismatic Evolutions ofrece una variedad de cartas que no solo son visualmente impactantes, sino que también aportan nuevas dinámicas al juego. Ya sea que estés comenzando tu aventura en el mundo Pokémon o seas un jugador experimentado, este conjunto te permitirá explorar nuevas estrategias y combinaciones. No te pierdas la oportunidad de llevar tu juego al siguiente nivel.",,,taxable,,1,2,,0,0,0.5,20,20,5,0,,19990,24990,"Pokemon TCG, Pokemon TCG > Special Collection",,,https://gamerhouse.cl/wp-content/uploads/2025/03/sticker-primatic.jpg,,,,,,,,,0,,default,right-sidebar,348,no
35696,simple,,,"Pokemon Tcg Elite Trainer Box Surging Sparks Español",1,0,visible,,"Sumérgete en el emocionante mundo de Pokémon con la Elite Trainer Box Surging Sparks en español. Este conjunto es ideal para los entusiastas del Pokémon TCG, ofreciendo un total de 91 cartas que enriquecerán tu colección y potenciarán tus estrategias de juego. Diseñada para un máximo de dos jugadores, es perfecta para disfrutar de intensas batallas con amigos o familiares.\n\nLa Elite Trainer Box incluye dados y fichas, facilitando el seguimiento de tus partidas y añadiendo un toque de dinamismo a cada encuentro. Las cartas son holográficas y foliada, lo que no solo las hace visualmente atractivas, sino que también garantiza su durabilidad. Con una edad mínima recomendada de 6 años, es una opción excelente para introducir a los más jóvenes en el fascinante universo de Pokémon.\n\nLa edición Surging Sparks promete una experiencia de juego envolvente, donde cada carta puede ser la clave para la victoria. Ya sea que estés comenzando tu viaje en el mundo de Pokémon o buscando expandir tu colección, esta Elite Trainer Box es una adición valiosa que no querrás perderte. Prepárate para desatar tu potencial y llevar tus habilidades al siguiente nivel con este emocionante producto.",,,taxable,,1,2,,0,0,1,20,20,15,0,,,54990,"Pokemon TCG > Elite Trainer Box, Pokemon TCG",,,https://gamerhouse.cl/wp-content/uploads/2025/03/surging-etb.jpg,,,,,,,,,0,,default,right-sidebar,553,yes
35698,simple,,,"Surging Sparks, Elite Trainer Box - INGLES",1,0,visible,,"Sumérgete en el emocionante mundo de Pokémon con la Elite Trainer Box Surging Sparks en español. Este conjunto es ideal para los entusiastas del Pokémon TCG, ofreciendo un total de 91 cartas que enriquecerán tu colección y potenciarán tus estrategias de juego. Diseñada para un máximo de dos jugadores, es perfecta para disfrutar de intensas batallas con amigos o familiares.\n\nLa Elite Trainer Box incluye dados y fichas, facilitando el seguimiento de tus partidas y añadiendo un toque de dinamismo a cada encuentro. Las cartas son holográficas y foliada, lo que no solo las hace visualmente atractivas, sino que también garantiza su durabilidad. Con una edad mínima recomendada de 6 años, es una opción excelente para introducir a los más jóvenes en el fascinante universo de Pokémon.\n\nLa edición Surging Sparks promete una experiencia de juego envolvente, donde cada carta puede ser la clave para la victoria. Ya sea que estés comenzando tu viaje en el mundo de Pokémon o buscando expandir tu colección, esta Elite Trainer Box es una adición valiosa que no querrás perderte. Prepárate para desatar tu potencial y llevar tus habilidades al siguiente nivel con este emocionante producto.",,,taxable,,1,1,,0,0,1,20,20,15,0,,,59990,"Pokemon TCG > Elite Trainer Box, Pokemon TCG",,,https://gamerhouse.cl/wp-content/uploads/2025/03/surging-etb.jpg,,,,,,,,,0,,default,right-sidebar,467,yes
35702,simple,,,"Pokémon Tcg: Prismatic Evolutions Surprise Box Idioma español",1,0,visible,,"La Pokémon TCG: Scarlet &amp; Violet—Prismatic Evolutions Surprise Box incluye:\n\n1 de 9 cartas promocionales seleccionadas al azar con un logotipo especial, que incluye a Eevee ex, Vaporeon ex, Jolteon ex, Flareon ex, Espeon ex, Umbreon ex, Leafeon ex, Glaceon ex o Sylveon ex.\n\n4 paquetes de refuerzo de Evoluciones Prismáticas de Scarlet y Violeta de JCC Pokémon.\n\nUna caja para guardarlo todo, con 4 separadores para mantenerlo organizado.\n\nUna tarjeta con código para Pokémon TCG Live.",,,taxable,,1,2,,0,0,0.5,25,15,10,0,,29990,34990,"Pokemon TCG, Pokemon TCG > Special Collection",,,https://gamerhouse.cl/wp-content/uploads/2025/03/surprise-box-prismatic.jpg,,,,,,,,,0,,default,right-sidebar,347,no
35703,simple,,,"Pokemon Elite Trainer Box Temporal Forces Español",1,0,visible,,"POKEMON\n\nELITE TRAINER BOX TEMPORAL FORCES ESPAÑOL\n\nCONTIENE :\n\n-9 sobres Pokémon TEMPORAL FORCES\n-1 CARTAS EXCLUSIVA TEMPORAL FORCES\n-65 fundas de cartas con TEMPORAL FORCES\n-45 cartas de energía Pokémon TCG\n-Una guía de jugador para la expansión TEMPORAL FORCES\n-Un libro de reglas Pokémon TCG\n-6 dados de contador de daño\n-1 dado de lanzamiento de moneda legal de competencia\n-2 marcadores de estado acrílico\n-Una caja de coleccionista para guardar todo, con 4 divisores para mantenerlo organizado\n-Una tarjeta de código para el juego de cartas coleccionables Pokémon en línea",,,taxable,,1,1,,0,0,1,20,20,15,0,,,49990,"Pokemon TCG > Elite Trainer Box, Pokemon TCG",,,https://gamerhouse.cl/wp-content/uploads/2025/03/temporal-force-etb.jpg,,,,,,,,,0,,default,right-sidebar,374,no
35705,simple,,,"Pokemon Fuerzas Temporales Elite Trainer Box - Español",1,0,visible,,"Hola! Somos una tienda especializada en productos TCG Pokemon, Yu-gi-oh!, One Piece y Digimon, tambien juegos de mesa. Puedes revisar nuestros demas productos como protectores, deckbox, carpetas, sobres y más aprovechando el envió gratis (en algunos productos)\n\nTe dejamos link a nuestro catalogo: https://listado.mercadolibre.cl/_CustId_1881073445\n\nDESCRIPCION:\n\nIDIOMA: ESPAÑOL\n\nLa expansión Escarlata y Púrpura-Fuerzas Temporales de JCC Pokémon es un caótico y enorme homenaje al poder y a la diversidad del mundo Pokémon. Los Pokémon del pasado y del futuro campan a sus anchas, los Pokémon ex Teracristal exhiben su alucinante fuerza y el tiempo se desgarra para incluir a bestias salvajes y apariciones cibernéticas en el combate. Y si todo esto no fuera suficiente, el retorno de las cartas de AS TÁCTICO introduce unos efectos únicos y poderosos. Echemos un vistazo a algunas de las impresionantes ilustraciones y enérgicos Pokémon que podrás encontrar en la expansión Escarlata y Púrpura-Fuerzas Temporales de JCC Pokémon, a la venta el 22 de marzo de 2024.\n\nLa Caja de Entrenador Élite de Escarlata y Púrpura-Fuerzas Temporales Ondulagua de JCC Pokémon contiene:\n\n9 paquetes de mejora de Escarlata y Púrpura-Fuerzas Temporales de JCC Pokémon\n1 carta holográfica de promoción con ilustración expandida\n65 fundas para cartas\n45 cartas de Energía de JCC Pokémon\n1 guía para jugadores de la expansión Escarlata y Púrpura-Fuerzas Temporales\n6 dados a modo de contadores de daño\n1 dado para lanzamiento de moneda válido para competiciones legales\n2 marcadores de condición de plástico\n1 caja de coleccionista con 4 divisores para guardarlo todo de forma organizada\n1 carta con código para el Juego de Cartas Coleccionables Pokémon Live.",,,taxable,,1,1,,0,0,1,20,20,15,0,,,49990,"Pokemon TCG > Elite Trainer Box, Pokemon TCG",,,https://gamerhouse.cl/wp-content/uploads/2025/03/temporal-force-etb-2.jpg,,,,,,,,,0,,default,right-sidebar,397,no
35707,simple,,,"SOBRE SUELTO CORONA ASTRAL (1 UNIDAD)",1,0,visible,,"IDIOMA ESPAÑOL",,,taxable,,1,10,,0,0,0.1,10,5,3,0,,,5990,"Pokemon TCG",,,https://gamerhouse.cl/wp-content/uploads/2025/03/sobre-strellar.jpg,,,,,,,,,0,,default,right-sidebar,284,no
35709,simple,,,"SOBRE SUELTO TEMPORAL FORCE (1 UNIDAD)",1,0,visible,,"IDIOMA ESPAÑOL",,,taxable,,1,10,,0,0,0.1,10,5,3,0,,,5990,"Pokemon TCG",,,https://gamerhouse.cl/wp-content/uploads/2025/03/sobre-temporal.jpg,,,,,,,,,0,,default,right-sidebar,238,no
35711,simple,,,"SOBRE SUELTO PALDEA EVOLVED (1 UNIDAD)",1,0,visible,,"IDIOMA ESPAÑOL",,,taxable,,1,10,,0,0,0.1,10,5,3,0,,,5990,"Pokemon TCG",,,https://gamerhouse.cl/wp-content/uploads/2025/03/sobre-paldea.jpg,,,,,,,,,0,,default,right-sidebar,270,no
35713,simple,,,"SOBRE SUELTO SURGING SPARKS (1 UNIDAD)",1,0,visible,,"IDIOMA ESPAÑOL",,,taxable,,1,10,,0,0,0.1,10,5,3,0,,,6490,"Pokemon TCG",,,https://gamerhouse.cl/wp-content/uploads/2025/03/sobre-chispas.jpg,,,,,,,,,0,,default,right-sidebar,265,yes
35715,simple,,,"SOBRE SUELTO PRISMATIC EVOLUTION (1 UNIDAD) ESPAÑOL",1,0,visible,,"¡Los Pokémon de Entrenadores se lanzan al combate!\nMediante la confianza plena y una dirección firme, los Entrenadores ayudan a sus Pokémon a sacar lo mejor de sí. Ese vínculo que comparten los impulsa a combatir al unísono, llevando sus fuerzas al límite, ¡incluso como Pokémon ex! Únete al Zoroark ex de N, al Bellibolt ex de e-Nigma, al Clefairy ex de Lillie, al Zacian ex de Paul, entre muchos otros Pokémon de Entrenadores, ¡y descubre el incomparable poder de la amistad en la expansión Escarlata y Púrpura-Aventuras Compartidas de JCC Pokémon!\n- Más de 180 cartas\n- Más de 40 Pokémon de Entrenadores\n- Más de 15 Pokémon ex\n- Más de 15 cartas de Entrenador\n- Más de 30 cartas de Pokémon y de Entrenador con ilustraciones especiales\n\n&nbsp;\n\nProducto sellado que incluye 1 sobre con contenido al azar, el envío del diseño exterior es al azar, los sobres también tienen contenido al azar.\n\nIDIOMA ESPAÑOL",,,taxable,,1,20,,0,0,0.1,10,5,3,0,,6990,9990,"Pokemon TCG > Combina Y Combate, Pokemon TCG",,,https://gamerhouse.cl/wp-content/uploads/2025/03/sobre-prismatic.jpg,,,,,,,,,0,,default,right-sidebar,309,no
35717,simple,,,"SOBRE SUELTO PRISMATIC EVOLUTION (1 UNIDAD) INGLES",1,0,visible,,"¡Los Pokémon de Entrenadores se lanzan al combate!\nMediante la confianza plena y una dirección firme, los Entrenadores ayudan a sus Pokémon a sacar lo mejor de sí. Ese vínculo que comparten los impulsa a combatir al unísono, llevando sus fuerzas al límite, ¡incluso como Pokémon ex! Únete al Zoroark ex de N, al Bellibolt ex de e-Nigma, al Clefairy ex de Lillie, al Zacian ex de Paul, entre muchos otros Pokémon de Entrenadores, ¡y descubre el incomparable poder de la amistad en la expansión Escarlata y Púrpura-Aventuras Compartidas de JCC Pokémon!\n- Más de 180 cartas\n- Más de 40 Pokémon de Entrenadores\n- Más de 15 Pokémon ex\n- Más de 15 cartas de Entrenador\n- Más de 30 cartas de Pokémon y de Entrenador con ilustraciones especiales\n\n&nbsp;\n\nProducto sellado 1 sobre con contenido al azar, el envío del diseño exterior es al azar, los sobres también tienen contenido al azar.\n\nIDIOMA INGLES",,,taxable,,1,20,,0,0,0.1,10,5,3,0,,,9990,"Pokemon TCG > Combina Y Combate, Pokemon TCG",,,https://gamerhouse.cl/wp-content/uploads/2025/03/sobre-prismatic.jpg,,,,,,,,,0,,default,right-sidebar,310,no
35718,simple,,,"MAGICA Nintendo switch v2 neon + magia + 20 juegos reacondicionada",1,0,visible,,"NINTENDO SWITCH MODELO V2 NEON\nDESBLOQUEADA VIA CHIP\nINCLUYE TODOS SUS ACCESORIOS\nDOCK\nSTRAPS\nHANDGRIP\nHDMI\nJOY CONS\nCARGADOR\nADEMAS INCLUYE MEMORIA DE 128GB CON\n20 JUEGOS SURTIDOS CARGADOS.\nNO PIERDE ONLINE",,,taxable,,1,3,,0,0,3,35,20,10,0,,264990,299990,"Nintendo > Consolas, Nintendo",,,"https://gamerhouse.cl/wp-content/uploads/2025/03/nsw1.jpg, https://gamerhouse.cl/wp-content/uploads/2025/03/nsw2.jpg, https://gamerhouse.cl/wp-content/uploads/2025/03/nsw3.jpg",,,,,,,,,0,,default,right-sidebar,2362,no
35727,simple,,,"Adaptador Compatible Con Playstation 2 Ps2-hdmi",1,0,visible,,"ADAPTADOR PARA CONSOLA PLAYSTATION 2 (PS2) A HDMI\nCONECTA TU CONSOLA PS2 A UN TELEVISOR CON ENTRADA HDMI\n\nESTE ADAPTADOR PERMITE TRANSFORMAR LA SALIDA DE AUDIO Y VIDEO DE LA CONSOLA SONY PLAYSTATION 2 EN UNA SALIDA DIGITAL HDMI. TAMBIÉN POSEE UNA SALIDA DE AUDIO CON JACK DE 3.5MM PARA CONECTAR AUDÍFONOS O SISTEMAS DE SONIDO.",,,taxable,,1,2,,0,0,0.5,10,5,2,0,,,4990,"Playstation, Playstation > Ps2",,,https://gamerhouse.cl/wp-content/uploads/2025/03/hdmi-ps2.jpg,,,,,,,,,0,,default,right-sidebar,892,yes
35729,simple,,,"Controlador Dualshock4 Playstation 4 Negro ALTERNATIVO",1,0,visible,,"eclas/Interruptores: Botones de acción (triángulo, círculo, cruz, cuadrado), Botones de dirección (arriba/abajo/izquierda/derecha), Botón OPTIONS, Botón PS, Botón de almohadilla, R1/L1/R2/L2, Joystick izquierdo / botón L3, Joystick derecho / botón R3, Botón SHARE\n\nAlmohadilla táctil: Almohadilla táctil de 2 puntos, mecanismo ""pulsar"", tipo capacitivo\n\nSensor de movimiento: Sistema sensor de movimiento de seis ejes (tres ejes giroscopio, tres ejes acelerómetro)\n\nOtras funciones: Barra de luces, vibración, parlante mono integrado\n\nPuertos: USB (Micro B), puerto de ampliación, conector para audífonos estéreo",,,taxable,,1,2,,0,0,0.5,16,5,10,0,,19990,24990,"Playstation, Playstation > Ps4",,,https://gamerhouse.cl/wp-content/uploads/2025/03/ps4-negro-alternativo.jpg,,,,,,,,,0,,default,right-sidebar,855,yes
35739,simple,,,"Control  nuevo para ps3 alternativo",1,0,visible,,"Descripción\nControl preciso\nEste mando combina funciones revolucionarias mientras conserva precisión, comodidad y exactitud en cada movimiento. Gracias a su ergonomía especialmente pensada para la posición de tu mano, puedes pasar horas jugando con total confort.\n\nToma el control\nCada golpe, choque y explosión te resultará más realista cuando sientas la vibración en la misma palma de la mano. Los botones sensibles a la presión reaccionan a cada acción y hacen que cualquier impacto te haga sentir dentro del juego.",,,taxable,,1,10,,0,0,0.5,10,15,5,0,,,9990,"Playstation, Playstation > Ps3",,,https://gamerhouse.cl/wp-content/uploads/2025/03/ps3-rojo.jpg,,,,,,,,,0,,default,right-sidebar,843,yes
35741,simple,,,"Control  nuevo para ps3 alternativo",1,0,visible,,"Descripción\nControl preciso\nEste mando combina funciones revolucionarias mientras conserva precisión, comodidad y exactitud en cada movimiento. Gracias a su ergonomía especialmente pensada para la posición de tu mano, puedes pasar horas jugando con total confort.\n\nToma el control\nCada golpe, choque y explosión te resultará más realista cuando sientas la vibración en la misma palma de la mano. Los botones sensibles a la presión reaccionan a cada acción y hacen que cualquier impacto te haga sentir dentro del juego.",,,taxable,,1,9,,0,0,0.5,10,15,5,0,,,9990,"Playstation, Playstation > Ps3",,,https://gamerhouse.cl/wp-content/uploads/2025/03/ps3-azul.jpg,,,,,,,,,0,,default,right-sidebar,970,yes
35769,simple,,,"Maleta de transporte nintendo switch",1,0,visible,,"Equipado con mango y correas de hombro ajustables integradas para llevar fácilmente todo su juego de interruptores en movimiento o de viaje. La parte interna no solo proporciona doble protección para los equipos de juego, sino que también puede elegir diferentes soluciones de acuerdo con el número de dispositivos que tenga. Diseño de estilo único, perfecto para los jugadores, fácil de colocar y quitar.\n\nEl dispositivo de sujeción está bien protegido para el transporte. La parte inferior roja del estuche es antideslizante y resistente a golpes. La parte superior roja y azul está hecha de un excelente material resistente a los arañazos, golpes, agua y al óxido.\n\nCompatible con consola Nintendo switch y Oled, switch Dock, Switch Pro Controller, Joy-Con Grip, Joy-Con(L y R), Con Straps Joy-, Cable HD.",,,taxable,,1,1,,0,0,1,40,40,15,0,,14990,29990,Nintendo,,,"https://gamerhouse.cl/wp-content/uploads/2025/03/maleta-switch.jpg, https://gamerhouse.cl/wp-content/uploads/2025/03/maleta-sw-1.jpg",,,,,,,,,0,,default,right-sidebar,428,yes
35856,simple,,,"Control wii mote originales",1,0,visible,,"incluye control original\nwii mote",,,taxable,,1,4,,0,0,0.1,15,10,5,0,,9990,19990,"Nintendo > Controles, Nintendo",,,https://gamerhouse.cl/wp-content/uploads/2025/03/control-wii-mote.jpg,,,,,,,,,0,,default,right-sidebar,865,no
35868,simple,,,"Bloodmoon Ursaluna ex Box - INGLES",1,0,visible,,"PRODUCTO EN INGLES\n\n<strong>¡Desata a la Bestia Luna Sangrienta!</strong>\n\nSu mirada atraviesa la oscuridad. La marca de luna llena en su frente brilla de un rojo intenso. Bloodmoon Ursaluna merodea por los huecos brumosos del bosque, atrayendo a Entrenadores experimentados en busca de aventuras. ¡Este legendario Pokémon aparece aquí como un Pokémon ex, acompañado por sus compañeros habitantes nocturnos Hoothoot y Noctowl, y listo para aplicar su habilidad veterana en tu próxima batalla!\n\nContenido:\n-1 carta promocional foil de Bloodmoon Ursaluna ex\n-2 cartas foil de Hoothoot y Noctowl\n-1 carta foil de gran tamaño de Bloodmoon Ursaluna ex\n-4 paquetes de mejora de JCC Pokémon",,,taxable,,0,0,,0,0,0.2,30,5,23,0,,,29990,"Pokemon TCG",,,https://gamerhouse.cl/wp-content/uploads/2025/03/ursaluna-ex-box.png,,,,,,,,,0,,default,right-sidebar,562,no
35877,simple,,,"Pokemon TCG Trainer's Toolkit 2024 - INGLES",1,0,visible,,"PRODUCTO EN INGLES\n\n<strong>¡Todo lo que necesitas para construir una poderosa baraja!</strong>\n\n¡Transforma tu colección de cartas en barajas perfectas con las que divertirte, jugar y competir en el Juego de Cartas Coleccionables Pokémon!\nEn el interior de esta caja, hallarás infinidad de cartas de Entrenador y de Energía Especial, ¡además de una guía con la que podrás armar barajas\nque lleven a tus Pokémon a lo más alto! Encontrarás también todo lo que necesitas para ayudarte a tomar decisiones al crear las barajas: ¿incorporo\nmás Pokémon fuertes?, ¿más cartas de Entrenador estratégicas?, ¿cuántas Energías son demasiadas? ¡Construye barajas inéditas, crea combos\noriginales y disfruta de las divertidas competiciones contra otros jugadores con la caja de Herramientas de Entrenador de JCC Pokémon!\n\n<strong>La caja de Herramientas de Entrenador de JCC Pokémon contiene:</strong>\n<ul>\n 	<li>Más de 50 valiosas cartas para dar más poder a tus barajas: montones de cartas de Entrenador, 4 cartas de Energía Especial y 6 Pokémon, incluidas 2 copias de Squawkabilly ex</li>\n 	<li>4 paquetes de mejora de JCC Pokémon</li>\n 	<li>65 fundas para cartas</li>\n 	<li>1 guía para construir barajas</li>\n 	<li>6 dados a modo de contadores de daño</li>\n 	<li>1 dado para lanzamiento de moneda válido para competiciones legales</li>\n 	<li>2 marcadores de condición</li>\n 	<li>1 carta con código para JCC Pokémon Live</li>\n</ul>\n&nbsp;",,,taxable,,1,1,,0,0,0.7,25,25,20,0,,29990,39990,"Pokemon TCG, Pokemon TCG > Special Collection",,,https://gamerhouse.cl/wp-content/uploads/2025/03/toolkit.png,,,,,,,,,0,,default,right-sidebar,370,yes
35888,simple,,,"Pokémon TCG — Maletín Aventuras en Paldea",1,0,visible,,"PRODUCTO EN ESPAÑOL\n\n¡A los Entrenadores Pokémon les espera todo un mundo de aventuras en la región de Paldea! Prepárate para el combate con un montón de cartas de promoción listas para jugar que incluyen Pokémon tan adorables como peleones. Y, por si esto fuera poco, ¡dispondrás de un buen puñado de paquetes de mejora para hacer aún más amigos! Además, podrás decorar tu equipo con pegatinas especiales, alardear de tu colección con un miniálbum y apretujar un muñeco blandito de Pikachu.\n\nEl maletín Aventuras en Paldea de JCC Pokémon contiene:\n<ul>\n 	<li>7 cartas holográficas de promoción de Pikachu, Sprigatito ex, Pawmi, Pawmo, Pawmot ex, Tandemaus y Maushold ex</li>\n 	<li>1 hoja con pegatinas especiales</li>\n 	<li>1 miniálbum</li>\n 	<li>1 muñeco blandito de Pikachu</li>\n 	<li>6 paquetes de mejora de JCC Pokémon</li>\n 	<li>1 carta con código para JCC Pokémon Live</li>\n</ul>\n&nbsp;",,,taxable,,1,,,0,1,,15,15,14,0,,39990,64990,"Pokemon TCG, Pokemon TCG > Premium Collection",,,https://gamerhouse.cl/wp-content/uploads/2025/03/aventura.png,,,,,,,,,0,,default,right-sidebar,352,no
35891,simple,,,"X1 PokeBall Tin 2024 -  INGLES (Envío Al Azar)",1,0,visible,,"'-ENVIO AL AZAR\n\nPRODUCTO EN INGLES\n\n«¿Qué hay dentro de una Poké Ball?\n\n¡Hay cartas Pokémon, por supuesto!\n\nLa lata Poké Ball de JCC Pokémon contiene:\n\n3 paquetes de mejora de JCC Pokémon\n2 hojas con pegatinas»",,,taxable,,1,1,,0,0,0.5,15,15,10,0,,,19990,"Pokemon TCG, Pokemon TCG > Tin Y Mini Tins",,,https://gamerhouse.cl/wp-content/uploads/2025/03/POKEBALL.png,,,,,,,,,0,,default,right-sidebar,360,no
35956,simple,,,"POKEMON TCG: PALDEA EVOLVED, ELITE TRAINER BOX - ESPAÑOL",1,0,visible,,"PRODUCTO EN INGLES\n\nMejora tu colección del Juego de Cartas Coleccionables Pokémon con la Caja de Entrenador Élite <em>de Escarlata y Violeta—Paldea Evolucionada de JCC Pokémon. Esta caja incluye nueve sobres de mejora de </em><em>Escarlata y Violeta—Paldea Evolucionada de</em> JCC Pokémon y una carta promocional holográfica de Pikachu con arte completo.La carta de Pikachu también incluye al adorable trío de Sprigatito, Fuecoco y Quaxly, y un ataque con un nombre muy apropiado: Aventuras Juntos. Este ataque inflige 30 puntos de daño iniciales <em>y</em> 10 puntos de daño adicionales por cada Pokémon en Banca. ¡Vamos, equipo!\n\nAdemás, encontrarás 65 fundas para cartas con los primeros Pokémon compañeros de la región de Paldea, 45 cartas de Energía, dados, marcadores de condición y mucho más. Todo viene en una caja de coleccionista con separadores para mantener tus cartas organizadas.\n\n<em>La caja de Entrenador Élite Evolved de Paldea: Escarlata y Violeta</em> de Pokémon TCG incluye:\n<ul class=""list"">\n 	<li>9 paquetes de mejora de Pokémon TCG: <em>Scarlet y Violeta—Paldea Evolved</em></li>\n 	<li>1 tarjeta promocional con arte completo de Pikachu</li>\n 	<li>65 fundas para cartas con Sprigatito, Fuecoco y Quaxly</li>\n 	<li>45 cartas de Energía de JCC Pokémon</li>\n 	<li>Guía del jugador para la expansión <em>Scarlet &amp; Violet—Paldea Evolved</em></li>\n 	<li>6 dados contadores de daño</li>\n 	<li>1 dado de lanzamiento de moneda legal para competición</li>\n 	<li>2 marcadores de estado de plástico</li>\n 	<li>Una caja de colección para guardarlo todo, con 4 divisores para mantenerlo organizado.</li>\n 	<li>Una tarjeta con código para Pokémon Trading Card Game Live</li>\n</ul>\n<em>La Caja de Entrenador Élite Evolucionada de Paldea: Escarlata y Violeta</em> de Pokémon TCG ya está disponible en el Centro Pokémon y en todos los sitios donde se venden productos de Pokémon TCG.",,,taxable,,0,0,,0,0,1.5,19,17,10,0,,49990,64990,"Pokemon TCG > Elite Trainer Box, Pokemon TCG",,,https://gamerhouse.cl/wp-content/uploads/2025/04/600x600.png,,,,,,,,,0,,default,right-sidebar,596,no
35959,simple,,,"PACK BLISTER JOURNEY TOGETHER - INGLÉS",1,0,visible,,"PRODUCTO EN INGLES\n\nSE ENVIA AL AZAR\n\n<b>BLISTER JOURNEY TOGETHER</b>\n\n<b>¡Los Pokémon de los Entrenadores entran en combate!</b>\nCon una confianza profunda y una guía constante, los Entrenadores ayudan a sacar lo mejor de sus Pokémon. El vínculo que comparten les permite actuar como uno solo en la batalla mientras llevan su fuerza al límite, ¡incluso como Pokémon ex! Forma equipo con el Zoroark ex de N, el Bellibolt ex de Iono, el Clefairy ex de Lillie, el Zacian ex de Hop y más Pokémon de Entrenadores, y descubre el poder imparable de la amistad en la expansión Scarlet &amp; Violet—Journey Together de JCC Pokémon.\n\n<b></b><b></b><b>Cada Blíster de Scarlet &amp; Violet—Journey Together de JCC Pokémon incluye</b>\n<ul>\n 	<li>3 paquetes de mejora Scarlet &amp; Violet—Journey Together de JCC Pokémon</li>\n 	<li>Una carta promocional Scrafty o Yanmega (se envía al azar y en pareja para compras pares)</li>\n 	<li>Una tarjeta con código para Pokémon Trading Card Game Live</li>\n</ul>\n<strong>PRODUCTO EN INGLÉS</strong>\n\n<strong>Imagen referencia, cada blíster es 1 carta promo y los 3 sobres.</strong>",,,taxable,,1,4,,0,0,0.5,20,20,5,0,,14990,19990,"Pokemon TCG, Pokemon TCG > Special Collection",,,https://gamerhouse.cl/wp-content/uploads/2025/04/jouney-together.png,,,,,,,,,0,,default,right-sidebar,587,no
35972,simple,,,"Pokémon TCG; Journey Together Booster Bundle - INGLES",1,0,visible,,"PRODUCTO EN INGLES\n\n<b>¡Los Pokémon de los Entrenadores entran en combate!</b>\nCon una confianza profunda y una guía constante, los Entrenadores ayudan a sacar lo mejor de sus Pokémon. El vínculo que comparten les permite actuar como uno solo en la batalla mientras llevan su fuerza al límite, ¡incluso como Pokémon ex! Forma equipo con el Zoroark ex de N, el Bellibolt ex de Iono, el Clefairy ex de Lillie, el Zacian ex de Hop y más Pokémon de Entrenadores, y descubre el poder imparable de la amistad en la expansión Scarlet &amp; Violet—Journey Together de JCC Pokémon.\n<b>\nLa caja de Entrenador Élite Scarlet &amp; Violet—Journey Together de JCC Pokémon incluye:</b>\n\n- 6 paquetes de mejora Scarlet &amp; Violet—Journey Together de JCC Pokémon\n- Una tarjeta con código para Pokémon Trading Card Game Live",,,taxable,,1,1,,0,0,0.5,10,10,5,0,,,35000,"Pokemon TCG > Booster Bundle, Pokemon TCG",,,https://gamerhouse.cl/wp-content/uploads/2025/04/22.png,,,,,,,,,0,,default,right-sidebar,547,no
35979,simple,,,"Pokémon TCG; Journey Together Elite Trainer Box - ESPAÑOL",1,0,visible,,"PRODUCTOS EN ESPAÑOL\n\n<b>¡Los Pokémon de los Entrenadores entran en combate!</b>\nCon una confianza profunda y una guía constante, los Entrenadores ayudan a sacar lo mejor de sus Pokémon. El vínculo que comparten les permite actuar como uno solo en la batalla mientras llevan su fuerza al límite, ¡incluso como Pokémon ex! Forma equipo con el Zoroark ex de N, el Bellibolt ex de Iono, el Clefairy ex de Lillie, el Zacian ex de Hop y más Pokémon de Entrenadores, y descubre el poder imparable de la amistad en la expansión Scarlet &amp; Violet—Journey Together de JCC Pokémon.\n<b>\nLa caja de Entrenador Élite Scarlet &amp; Violet—Journey Together de JCC Pokémon incluye:</b>\n\n9 paquetes de mejora Scarlet &amp; Violet—Journey Together de JCC Pokémon\nCada paquete de mejora contiene 10 cartas y 1 Energía Básica. Las cartas varían según el paquete.\n1 carta promocional con arte completo que presenta a Zorua de N\n65 fundas para cartas\n45 cartas de energía de JCC Pokémon\nUna guía para el jugador de la expansión Scarlet &amp; Violet—Journey Together\n6 dados para contar daños\n1 dado para lanzar una moneda legal para la competencia\n2 marcadores de condición de plástico\nUna caja para guardar todo, con 4 separadores para mantenerlo organizado\nUna tarjeta con código para Pokémon Trading Card Game Live",,,taxable,,1,5,,0,0,1,20,20,15,0,,49990,54990,"Pokemon TCG > Elite Trainer Box, Pokemon TCG",,,https://gamerhouse.cl/wp-content/uploads/2025/04/dsdsdsds.png,,,,,,,,,0,,default,right-sidebar,548,no
36072,simple,,,"Control Nintendo Switch Wired SuperMario - PawerA",1,0,visible,,"Juega tus juegos favoritos de Nintendo Switch con estilo con este controlador con cable PowerA con licencia oficial. Este controlador presenta un diseño ergonómico y una disposición de botones estándar. Se incluye un cable USB desmontable con una correa de velcro para facilitar el almacenamiento y reducir el desorden cuando terminas de jugar. Obtener todas estas funciones a casi la mitad del costo de los controladores inalámbricos hace que los controladores con cable PowerA sean una obviedad. • Edición especial de Super Mario Bros • Forma de mando ergonómica con diseño de botones de Nintendo Switch • Cable USB desmontable de 3 m (10 pies) con correa de velcro • Con licencia oficial para Nintendo Switch",,,taxable,,1,1,,0,0,0.3,10,4,5,0,,,28000,Nintendo,,,https://gamerhouse.cl/wp-content/uploads/2025/04/wired.png,,,,,,,,,0,,default,right-sidebar,673,no
36079,simple,,,"Prismatic Evolutions accesory pouch ESPAÑOL",1,0,visible,,"Eevee y sus múltiples Evoluciones, que van desde la suavidad ardiente hasta la elegancia gélida, ocupan un lugar muy especial en los corazones de todos los Entrenadores Pokémon. Descubre sus nuevos y extraordinarios poderes como Pokémon ex Teracristal Astrales y encuentra tu propio tesoro entre la enorme lista de Pokémon ex llegados de Paldea y más allá. ¡Relucientes cristales y diseños ocultos te esperan al final del arcoíris en la expansión <em>Escarlata y Púrpura-Evoluciones Prismáticas</em> de JCC Pokémon!\n<ul class=""list"">\n 	<li>Más de 175 cartas</li>\n 	<li>Evoluciones de Eevee en forma de Pokémon ex Teracristal Astrales</li>\n 	<li>Cartas de rareza Rara Ilustración Especial</li>\n</ul>",,,taxable,,1,3,,0,0,2,20,20,10,0,,24990,38000,"Pokemon TCG, Pokemon TCG > Premium Collection",,,"https://gamerhouse.cl/wp-content/uploads/2025/04/pouch.jpg, https://gamerhouse.cl/wp-content/uploads/2025/04/POUCH3.jpg, https://gamerhouse.cl/wp-content/uploads/2025/04/POUCH2.jpg",,,,,,,,,0,,default,right-sidebar,624,no
36083,simple,,,"Prismatic Evolutions accesory pouch INGLES",1,0,visible,,"Eevee y sus múltiples Evoluciones, que van desde la suavidad ardiente hasta la elegancia gélida, ocupan un lugar muy especial en los corazones de todos los Entrenadores Pokémon. Descubre sus nuevos y extraordinarios poderes como Pokémon ex Teracristal Astrales y encuentra tu propio tesoro entre la enorme lista de Pokémon ex llegados de Paldea y más allá. ¡Relucientes cristales y diseños ocultos te esperan al final del arcoíris en la expansión <em>Escarlata y Púrpura-Evoluciones Prismáticas</em> de JCC Pokémon!\n<ul class=""list"">\n 	<li>Más de 175 cartas</li>\n 	<li>Evoluciones de Eevee en forma de Pokémon ex Teracristal Astrales</li>\n 	<li>Cartas de rareza Rara Ilustración Especial</li>\n</ul>",,,taxable,,0,0,,0,0,2,20,20,10,0,,,2990,"Pokemon TCG, Pokemon TCG > Premium Collection",,,"https://gamerhouse.cl/wp-content/uploads/2025/04/pouch.jpg, https://gamerhouse.cl/wp-content/uploads/2025/04/POUCH3.jpg, https://gamerhouse.cl/wp-content/uploads/2025/04/POUCH2.jpg",,,,,,,,,0,,default,right-sidebar,507,no
36276,simple,,,"Academia de combate (español)",1,0,visible,,"<div class=""WaaZC"">\n<div class=""RJPOee EIJn2"">\n<div class=""rPeykc"" data-hveid=""CAMQAQ"" data-ved=""2ahUKEwiZ8_Lwu6aNAxUmH7kGHZPjH90Qo_EKegQIAxAB""><span data-huuid=""6828950347595252828"">La Academia de Combate de Pokémon, incluye tres barajas de 60 cartas cada una, un tablero de juego, tutoriales para principiantes, un libro de reglas para jugadores avanzados y accesorios adicionales.</span></div>\n<div data-hveid=""CAMQAQ"" data-ved=""2ahUKEwiZ8_Lwu6aNAxUmH7kGHZPjH90Qo_EKegQIAxAB""></div>\n</div>\n</div>\n<div class=""WaaZC"">\n<div class=""RJPOee EIJn2"">\n<div class=""rPeykc pyPiTc"" data-hveid=""CAoQAQ"" data-ved=""2ahUKEwiZ8_Lwu6aNAxUmH7kGHZPjH90Qo_EKegQIChAB""><span data-huuid=""8162797079755997000"">En detalle:</span></div>\n</div>\n</div>\n<div class=""WaaZC"">\n<div class=""RJPOee EIJn2"">\n<ul data-hveid=""CCQQAQ"" data-ved=""2ahUKEwiZ8_Lwu6aNAxUmH7kGHZPjH90Qm_YKegQIJBAB"">\n 	<li><span data-huuid=""8162797079755995789""><strong>Barajas:</strong> </span><span data-huuid=""8162797079755994020"">Tres barajas de 60 cartas JCC Pokémon, cada una con un Pokémon especial.</span></li>\n 	<li><span data-huuid=""8162797079755994578""><strong>Tablero:</strong> </span><span data-huuid=""8162797079755996905"">Un tablero de alta calidad para facilitar el juego.<span class=""pjBG2e"" data-cid=""aee495d1-fb43-4b46-b34c-a173cf532706""><span class=""UV3uM""> </span></span></span>\n<div class=""NPrrbc"" data-cid=""aee495d1-fb43-4b46-b34c-a173cf532706"" data-uuids=""8162797079755994578,8162797079755996905"">\n<div class=""BMebGe btku5b fCrZyc LwdV0e FR7ZSc OJeuxf"" role=""button"" aria-label=""Ver vínculos relacionados"" data-hveid=""CBoQAQ"" data-ved=""2ahUKEwiZ8_Lwu6aNAxUmH7kGHZPjH90Q3fYKegQIGhAB""></div>\n</div></li>\n 	<li><span data-huuid=""8162797079755993367""><strong>Tutoriales y Reglas:</strong> </span><span data-huuid=""8162797079755995694"">Tutoriales para principiantes y un libro de reglas para jugadores más avanzados, para que todos puedan disfrutar del juego.<span class=""pjBG2e"" data-cid=""27840d6c-2d42-4b54-a7eb-e9530331f167""><span class=""UV3uM""> </span></span></span>\n<div class=""NPrrbc"" data-cid=""27840d6c-2d42-4b54-a7eb-e9530331f167"" data-uuids=""8162797079755993367,8162797079755995694"">\n<div class=""BMebGe btku5b fCrZyc LwdV0e FR7ZSc OJeuxf"" role=""button"" aria-label=""Ver vínculos relacionados"" data-hveid=""CB0QAQ"" data-ved=""2ahUKEwiZ8_Lwu6aNAxUmH7kGHZPjH90Q3fYKegQIHRAB"">\n<div class=""niO4u""></div>\n</div>\n</div></li>\n 	<li><span data-huuid=""8162797079755996252""><strong>Accesorios:</strong> </span><span data-huuid=""8162797079755994483"">Incluye accesorios adicionales para mejorar la experiencia de juego.<span class=""pjBG2e"" data-cid=""0923825b-84b9-44aa-a1a5-4b4649ef71d1""><span class=""UV3uM""> </span></span></span>\n<div class=""NPrrbc"" data-cid=""0923825b-84b9-44aa-a1a5-4b4649ef71d1"" data-uuids=""8162797079755996252,8162797079755994483"">\n<div class=""BMebGe btku5b fCrZyc LwdV0e FR7ZSc OJeuxf"" role=""button"" aria-label=""Ver vínculos relacionados"" data-hveid=""CBsQAQ"" data-ved=""2ahUKEwiZ8_Lwu6aNAxUmH7kGHZPjH90Q3fYKegQIGxAB""></div>\n</div></li>\n 	<li><span data-huuid=""8162797079755995041""><strong>Compatibilidad:</strong> </span><span data-huuid=""8162797079755993272"">Las cartas y accesorios de la Academia de Combate son compatibles con otros productos del JCC Pokémon.<span class=""pjBG2e"" data-cid=""38d7c80b-735f-45d6-96a0-648a40ad10af""><span class=""UV3uM""> </span></span></span></li>\n</ul>\n</div>\n</div>",,,taxable,,0,0,,0,0,2,30,30,15,0,,,35000,"Pokemon TCG",,,https://gamerhouse.cl/wp-content/uploads/2025/05/ACADEMIA-DE-BATALLA-scaled.jpg,,,,,,,,,0,,default,right-sidebar,458,no
36282,simple,,,"album 151 español",1,0,visible,,"<div class=""co8aDb"" role=""heading"">El álbum para colecciones de Escarlata y Púrpura-151 de JCC Pokémon contiene:</div>\n<div class=""RqBzHd mvJV3d"">\n<ol class=""X5LH0c"">\n 	<li class=""TrT0Xe"">1 álbum de 20 páginas con capacidad para 9 cartas en cada cara.</li>\n 	<li class=""TrT0Xe"">4 paquetes de mejora de Escarlata y Púrpura-151 de JCC Pokémon.</li>\n</ol>\n</div>",,,taxable,,1,2,,0,0,1,30,30,15,0,,,85000,"Pokemon TCG",,,https://gamerhouse.cl/wp-content/uploads/2025/05/ALBUM-151-scaled.jpg,,,,,,,,,0,,default,right-sidebar,728,no
36284,simple,,,"Bundle jouney español",1,0,visible,,"El paquete de mejoras de aventuras compartidas trae 6 sobres de la expansión aventuras compartidas",,,taxable,,1,5,,0,0,0.5,10,5,10,0,,34990,40000,"Pokemon TCG",,,https://gamerhouse.cl/wp-content/uploads/2025/05/BOOSTER-AVENTURAS-ESPANOL-scaled.jpg,,,,,,,,,0,,default,right-sidebar,364,no
36320,simple,,,"Nintendo Dsi Color ROSA - Desbloqueada",1,0,visible,,"Nintendo Dsi\n-Producto reacondicionado para su uso\n-Desbloqueada sd16gb 180 juegos\n-Lapiz tactil\n-cargador",,,taxable,,1,1,,0,0,0.5,14,8,2,0,,49990,60000,"Nintendo, Nintendo > Portatiles",,,"https://gamerhouse.cl/wp-content/uploads/2025/05/DSI-ROSA-3.jpg, https://gamerhouse.cl/wp-content/uploads/2025/05/DSI-ROSA-1.jpg, https://gamerhouse.cl/wp-content/uploads/2025/05/DSI-ROSA-2-1.jpg",,,,,,,,,0,,default,right-sidebar,975,no
36359,simple,,,"PS5-Slim Cover Monster Hunter Wilds Edición Limitada",1,0,visible,,NUEVO,,,taxable,,1,1,,0,0,2,50,30,20,0,,99990,120000,"Playstation, Playstation > Ps5",,,"https://gamerhouse.cl/wp-content/uploads/2025/05/cover-ps5.jpg, https://gamerhouse.cl/wp-content/uploads/2025/05/cover-ps5-1.jpg",,,,,,,,,0,,default,right-sidebar,562,yes
36367,simple,,,"Nintendo oled Blanco Reacondicionada CON MAGIA",1,0,visible,,"Nintendo oled blanco Reacondicionada\nCON MAGIA\nSD128GB 20 JUEGOS SURTIDOS\nEMULADORES\nincluye\nhandgrip\nstraps\ndock\ncargador\njoy cons\ntransformador\nhdmi\n\nbuen estado",,,taxable,,1,1,,0,0,3,45,30,20,0,,,349990,"Nintendo > Consolas, Nintendo",,,"https://gamerhouse.cl/wp-content/uploads/2025/05/sw-oled-blanca-1.jpg, https://gamerhouse.cl/wp-content/uploads/2025/05/sw-oled-blanca-2.jpg, https://gamerhouse.cl/wp-content/uploads/2025/05/sw-oled-blanca-3.jpg",,,,,,,,,0,,default,right-sidebar,1070,no
36396,simple,,,"Pokémon Black Bolt Elite Trainer Box ESPAÑOL",1,0,visible,,"<strong>Pokemon Tcg Scarlet &amp; Violet – Black Bolt – Elite Trainer Box</strong>\n¡Explora una región de armonía e ideales!\n\nReencuéntrate con los Pokémon de Unova y alcanza la cima como Entrenador en una tierra de unidad y leyendas. Haz evolucionar al Pokémon inicial Snivy hasta Serperior ex, y descubre el poder inspirador de los ideales con los Pokémon Legendarios y Míticos de la región, incluyendo a Zekrom ex y Meloetta ex. Mientras completas tu Pokédex, mantente atento a ilustraciones especiales de cada Pokémon y cartas paralelas con patrones de Poké Ball en la expansión Pokémon TCG: Scarlet &amp; Violet—Black Bolt.\n\nLa Pokémon TCG: Scarlet &amp; Violet—Black Bolt Elite Trainer Box incluye:\n<ul>\n 	<li>9 sobres de Pokémon TCG: Scarlet &amp; Violet—Black Bolt</li>\n 	<li>1 carta promo foil full-art de Thundurus</li>\n 	<li>65 fundas para cartas</li>\n 	<li>45 cartas de Energía de Pokémon TCG</li>\n 	<li>1 guía del jugador de la expansión Scarlet &amp; Violet—Black Bolt</li>\n 	<li>6 dados marcadores de daño</li>\n 	<li>1 dado para lanzamiento de moneda apto para torneos</li>\n 	<li>2 marcadores de condición de plástico</li>\n 	<li>1 caja de colección para guardar todo, con 4 separadores para mantenerlo organizado</li>\n 	<li>1 carta con código para Pokémon Trading Card Game Live</li>\n</ul>\n<strong>IDIOMA: ESPAÑOL</strong>\n\n<strong>FECHA DE LANZAMIENTO: 18/07/2025</strong>\n\n<strong>NOTA: FECHA DE LANZAMIENTO, NOMBRE DE LA EDICION, PRECIO Y CARACTERISTICAS ESTAN SUJETAS A CAMBIOS SIN PREVIO AVISO.</strong>",,,taxable,,1,8,,0,0,1,20,20,15,0,,,49990,"Pokemon TCG > Elite Trainer Box, Pokemon TCG",,,https://gamerhouse.cl/wp-content/uploads/2025/05/etb-black.jpg,,,,,,,,,0,,default,right-sidebar,400,no
36400,simple,,,"Pokémon White Flare Elite Trainer Box ESPAÑOL",1,0,visible,,"<strong>Pokemon Tcg Scarlet &amp; Violet White Flare Elite Trainer Box</strong>\n¡Explora una región de armonía e ideales!\n\nReencuéntrate con los Pokémon de Unova y alcanza la cima como Entrenador en una tierra de unidad y leyendas. Haz evolucionar al Pokémon inicial Snivy hasta Serperior ex, y descubre el poder inspirador de los ideales con los Pokémon Legendarios y Míticos de la región, incluyendo a Reshiram ex y Meloetta ex. Mientras completas tu Pokédex, mantente atento a ilustraciones especiales de cada Pokémon y cartas paralelas con patrones de Poké Ball en la expansión Pokémon TCG: Scarlet &amp; Violet—White Flare\n\nLa Pokémon TCG: Scarlet &amp; Violet—Black Bolt Elite Trainer Box incluye:\n<ul>\n 	<li>9 sobres de Pokémon TCG: Scarlet &amp; Violet— White Flare</li>\n 	<li>1 carta promo foil full-art de Landorus</li>\n 	<li>65 fundas para cartas</li>\n 	<li>45 cartas de Energía de Pokémon TCG</li>\n 	<li>1 guía del jugador de la expansión Scarlet &amp; Violet—White Flare</li>\n 	<li>6 dados marcadores de daño</li>\n 	<li>1 dado para lanzamiento de moneda apto para torneos</li>\n 	<li>2 marcadores de condición de plástico</li>\n 	<li>1 caja de colección para guardar todo, con 4 separadores para mantenerlo organizado</li>\n 	<li>1 carta con código para Pokémon Trading Card Game Live</li>\n</ul>\n<strong>IDIOMA: ESPAÑOL</strong>\n\n<strong>FECHA DE LANZAMIENTO: 18/07/2025</strong>\n\n<strong>NOTA: FECHA DE LANZAMIENTO, NOMBRE DE LA EDICION, PRECIO Y CARACTERISTICAS ESTAN SUJETAS A CAMBIOS SIN PREVIO AVISO.</strong>",,,taxable,,1,8,,0,0,1,20,20,15,0,,,49990,"Pokemon TCG > Elite Trainer Box, Pokemon TCG",,,https://gamerhouse.cl/wp-content/uploads/2025/05/etb-white.jpg,,,,,,,,,0,,default,right-sidebar,293,no
36402,simple,,,"Pokémon White Flare Elite Trainer Box INGLES",1,0,visible,,"<strong>Pokemon Tcg Scarlet &amp; Violet White Flare Elite Trainer Box</strong>\n¡Explora una región de armonía e ideales!\n\nReencuéntrate con los Pokémon de Unova y alcanza la cima como Entrenador en una tierra de unidad y leyendas. Haz evolucionar al Pokémon inicial Snivy hasta Serperior ex, y descubre el poder inspirador de los ideales con los Pokémon Legendarios y Míticos de la región, incluyendo a Reshiram ex y Meloetta ex. Mientras completas tu Pokédex, mantente atento a ilustraciones especiales de cada Pokémon y cartas paralelas con patrones de Poké Ball en la expansión Pokémon TCG: Scarlet &amp; Violet—White Flare\n\nLa Pokémon TCG: Scarlet &amp; Violet—Black Bolt Elite Trainer Box incluye:\n<ul>\n 	<li>9 sobres de Pokémon TCG: Scarlet &amp; Violet— White Flare</li>\n 	<li>1 carta promo foil full-art de Landorus</li>\n 	<li>65 fundas para cartas</li>\n 	<li>45 cartas de Energía de Pokémon TCG</li>\n 	<li>1 guía del jugador de la expansión Scarlet &amp; Violet—White Flare</li>\n 	<li>6 dados marcadores de daño</li>\n 	<li>1 dado para lanzamiento de moneda apto para torneos</li>\n 	<li>2 marcadores de condición de plástico</li>\n 	<li>1 caja de colección para guardar todo, con 4 separadores para mantenerlo organizado</li>\n 	<li>1 carta con código para Pokémon Trading Card Game Live</li>\n</ul>\n<strong>IDIOMA: INGLES</strong>\n\n<strong>FECHA DE LANZAMIENTO: 18/07/2025</strong>\n\n<strong>NOTA: FECHA DE LANZAMIENTO, NOMBRE DE LA EDICION, PRECIO Y CARACTERISTICAS ESTAN SUJETAS A CAMBIOS SIN PREVIO AVISO.</strong>",,,taxable,,1,3,,0,0,1,20,20,15,0,,,59990,"Pokemon TCG > Elite Trainer Box, Pokemon TCG",,,https://gamerhouse.cl/wp-content/uploads/2025/05/etb-white.jpg,,,,,,,,,0,,default,right-sidebar,273,no,
36403,simple,,,"PREVENTA TCG Pokémon White Flare Binder ESPAÑOL",1,0,visible,,"¡Reúnete con los Pokémon de Teselia y llega a la cima como Entrenador en una tierra de unidad y leyendas! Evoluciona a Snivy, su primer compañero, hasta llegar a Serperior ex, y descubre el poder inspirador de los ideales con los Pokémon legendarios y míticos de la región, incluyendo a Zekrom ex y Meloetta ex. Mientras completas tu Pokédex, estate atento a las ilustraciones especiales de cada Pokémon y a las cartas paralelas con patrones de Poké Ball en la expansión Escarlata y Violeta-Rayo Negro de JCC Pokémon.\n\nMás de 170 cartas\n\nMás de 65 cartas raras con ilustraciones\n\nMás de 5 cartas raras con ilustraciones especiales\n\nMás de 5 Pokémon ex\n\nEscarlata y Violeta-Rayo Negro forma parte de una expansión dividida que destaca los 156 Pokémon descubiertos originalmente en la región de Teselia. Busca la expansión Escarlata y Violeta-Llamar Blanco para coleccionarlos todos.\n\n<strong> </strong>Incluye 5 sobres de refuerzo de <em>Escarlata y Púrpura-Fulgor Negro</em> o <em>Escarlata y Púrpura-Llama Blanca</em>, según la caja, y 1 carpeta temática con capacidad para 9 cartas por página, de Zekrom o Reshiram, según la caja, para organizar y guardar tus cartas de JCC Pokémon.\n\nIDIOMA: ESPAÑOL\n\nFECHA DE LANZAMIENTO ESPERADO: 18/07/2025",,,taxable,,1,6,,0,0,2,20,30,10,0,,,39990,"Pokemon TCG > Booster Bundle, Pokemon TCG",,,https://gamerhouse.cl/wp-content/uploads/2025/05/BINDER-BLANCO.jpg,,,,,,,,,0,,default,right-sidebar,227,no,
36405,simple,,,"PREVENTA TCG Pokémon White Flare Binder INGLES",1,0,visible,,"¡Reúnete con los Pokémon de Teselia y llega a la cima como Entrenador en una tierra de unidad y leyendas! Evoluciona a Snivy, su primer compañero, hasta llegar a Serperior ex, y descubre el poder inspirador de los ideales con los Pokémon legendarios y míticos de la región, incluyendo a Zekrom ex y Meloetta ex. Mientras completas tu Pokédex, estate atento a las ilustraciones especiales de cada Pokémon y a las cartas paralelas con patrones de Poké Ball en la expansión Escarlata y Violeta-Rayo Negro de JCC Pokémon.\n\nMás de 170 cartas\n\nMás de 65 cartas raras con ilustraciones\n\nMás de 5 cartas raras con ilustraciones especiales\n\nMás de 5 Pokémon ex\n\nEscarlata y Violeta-Rayo Negro forma parte de una expansión dividida que destaca los 156 Pokémon descubiertos originalmente en la región de Teselia. Busca la expansión Escarlata y Violeta-Llamar Blanco para coleccionarlos todos.\n\n<strong> </strong>Incluye 5 sobres de refuerzo de <em>Escarlata y Púrpura-Fulgor Negro</em> o <em>Escarlata y Púrpura-Llama Blanca</em>, según la caja, y 1 carpeta temática con capacidad para 9 cartas por página, de Zekrom o Reshiram, según la caja, para organizar y guardar tus cartas de JCC Pokémon.\n\nIDIOMA: INGLES\n\nFECHA DE LANZAMIENTO ESPERADO: 18/07/2025",,,taxable,,1,12,,0,0,2,20,30,10,0,,,44990,"Pokemon TCG > Booster Bundle, Pokemon TCG",,,https://gamerhouse.cl/wp-content/uploads/2025/05/BINDER-BLANCO.jpg,,,,,,,,,0,,default,right-sidebar,200,no,
36406,simple,,,"PREVENTA TCG Pokémon Black Bold Binder ESPAÑOL",1,0,visible,,"¡Reúnete con los Pokémon de Teselia y llega a la cima como Entrenador en una tierra de unidad y leyendas! Evoluciona a Snivy, su primer compañero, hasta llegar a Serperior ex, y descubre el poder inspirador de los ideales con los Pokémon legendarios y míticos de la región, incluyendo a Zekrom ex y Meloetta ex. Mientras completas tu Pokédex, estate atento a las ilustraciones especiales de cada Pokémon y a las cartas paralelas con patrones de Poké Ball en la expansión Escarlata y Violeta-Rayo Negro de JCC Pokémon.\n\nMás de 170 cartas\n\nMás de 65 cartas raras con ilustraciones\n\nMás de 5 cartas raras con ilustraciones especiales\n\nMás de 5 Pokémon ex\n\nEscarlata y Violeta-Rayo Negro forma parte de una expansión dividida que destaca los 156 Pokémon descubiertos originalmente en la región de Teselia. Busca la expansión Escarlata y Violeta-Llamar Blanco para coleccionarlos todos.\n\n<strong> </strong>Incluye 5 sobres de refuerzo de <em>Escarlata y Púrpura-Fulgor Negro</em> o <em>Escarlata y Púrpura-Llama Blanca</em>, según la caja, y 1 carpeta temática con capacidad para 9 cartas por página, de Zekrom o Reshiram, según la caja, para organizar y guardar tus cartas de JCC Pokémon.\n\nIDIOMA: ESPAÑOL\n\nFECHA DE LANZAMIENTO ESPERADO: 18/07/2025",,,taxable,,1,6,,0,0,2,20,30,10,0,,,39990,"Pokemon TCG > Booster Bundle, Pokemon TCG",,,https://gamerhouse.cl/wp-content/uploads/2025/05/BINDER-NEGRO.jpg,,,,,,,,,0,,default,right-sidebar,280,no,
36408,simple,,,"PREVENTA TCG Pokémon Black Bold Binder INGLES",1,0,visible,,"¡Reúnete con los Pokémon de Teselia y llega a la cima como Entrenador en una tierra de unidad y leyendas! Evoluciona a Snivy, su primer compañero, hasta llegar a Serperior ex, y descubre el poder inspirador de los ideales con los Pokémon legendarios y míticos de la región, incluyendo a Zekrom ex y Meloetta ex. Mientras completas tu Pokédex, estate atento a las ilustraciones especiales de cada Pokémon y a las cartas paralelas con patrones de Poké Ball en la expansión Escarlata y Violeta-Rayo Negro de JCC Pokémon.\n\nMás de 170 cartas\n\nMás de 65 cartas raras con ilustraciones\n\nMás de 5 cartas raras con ilustraciones especiales\n\nMás de 5 Pokémon ex\n\nEscarlata y Violeta-Rayo Negro forma parte de una expansión dividida que destaca los 156 Pokémon descubiertos originalmente en la región de Teselia. Busca la expansión Escarlata y Violeta-Llamar Blanco para coleccionarlos todos.\n\n<strong> </strong>Incluye 5 sobres de refuerzo de <em>Escarlata y Púrpura-Fulgor Negro</em> o <em>Escarlata y Púrpura-Llama Blanca</em>, según la caja, y 1 carpeta temática con capacidad para 9 cartas por página, de Zekrom o Reshiram, según la caja, para organizar y guardar tus cartas de JCC Pokémon.\n\nIDIOMA: INGLES\n\nFECHA DE LANZAMIENTO ESPERADO: 18/07/2025",,,taxable,,1,10,,0,0,2,20,30,10,0,,,44990,"Pokemon TCG > Booster Bundle, Pokemon TCG",,,https://gamerhouse.cl/wp-content/uploads/2025/05/BINDER-NEGRO.jpg,,,,,,,,,0,,default,right-sidebar,267,no,
36412,simple,,,"PREVENTA TCG Pokémon Black Bold Booster Bundle ESPAÑOL",1,0,visible,,"¡Reúnete con los Pokémon de Teselia y llega a la cima como Entrenador en una tierra de unidad y leyendas! Evoluciona a Snivy, su primer compañero, hasta llegar a Serperior ex, y descubre el poder inspirador de los ideales con los Pokémon legendarios y míticos de la región, incluyendo a Zekrom ex y Meloetta ex. Mientras completas tu Pokédex, estate atento a las ilustraciones especiales de cada Pokémon y a las cartas paralelas con patrones de Poké Ball en la expansión Escarlata y Violeta-Rayo Negro de JCC Pokémon.\n\nMás de 170 cartas\n\nMás de 65 cartas raras con ilustraciones\n\nMás de 5 cartas raras con ilustraciones especiales\n\nMás de 5 Pokémon ex\n\nEscarlata y Violeta-Rayo Negro forma parte de una expansión dividida que destaca los 156 Pokémon descubiertos originalmente en la región de Teselia. Busca la expansión Escarlata y Violeta-Llamar Blanco para coleccionarlos todos.\n\nContiene 6 sobres de refuerzo de <em>Escarlata y Púrpura-Fulgor Negro</em> o <em>Escarlata y Púrpura-Llama Blanca</em>, según el paquete.\n\nIDIOMA: Español\n\n<strong>FECHA DE LANZAMIENTO ESPERADO: 18/07/2025</strong>",,,taxable,,1,5,,0,0,0.5,10,10,5,0,,,34990,"Pokemon TCG > Booster Bundle, Pokemon TCG",,,https://gamerhouse.cl/wp-content/uploads/2025/05/BUNDLE-NEGRO.jpg,,,,,,,,,0,,default,right-sidebar,647,no,
36414,simple,,,"PREVENTA TCG Pokémon Black Bold Booster Bundle INGLES",1,0,visible,,"¡Reúnete con los Pokémon de Teselia y llega a la cima como Entrenador en una tierra de unidad y leyendas! Evoluciona a Snivy, su primer compañero, hasta llegar a Serperior ex, y descubre el poder inspirador de los ideales con los Pokémon legendarios y míticos de la región, incluyendo a Zekrom ex y Meloetta ex. Mientras completas tu Pokédex, estate atento a las ilustraciones especiales de cada Pokémon y a las cartas paralelas con patrones de Poké Ball en la expansión Escarlata y Violeta-Rayo Negro de JCC Pokémon.\n\nMás de 170 cartas\n\nMás de 65 cartas raras con ilustraciones\n\nMás de 5 cartas raras con ilustraciones especiales\n\nMás de 5 Pokémon ex\n\nEscarlata y Violeta-Rayo Negro forma parte de una expansión dividida que destaca los 156 Pokémon descubiertos originalmente en la región de Teselia. Busca la expansión Escarlata y Violeta-Llamar Blanco para coleccionarlos todos.\n\nContiene 6 sobres de refuerzo de <em>Escarlata y Púrpura-Fulgor Negro</em> o <em>Escarlata y Púrpura-Llama Blanca</em>, según el paquete.\n\nIDIOMA: INGLES\n\n<strong>FECHA DE LANZAMIENTO ESPERADO: 18/07/2025</strong>",,,taxable,,1,8,,0,0,0.5,10,10,5,0,,,39990,"Pokemon TCG > Booster Bundle, Pokemon TCG",,,https://gamerhouse.cl/wp-content/uploads/2025/05/BUNDLE-NEGRO.jpg,,,,,,,,,0,,default,right-sidebar,662,no,
36415,simple,,,"PREVENTA TCG Pokémon White Flare Booster Bundle ESPAÑOL",1,0,visible,,"¡Reúnete con los Pokémon de Teselia y llega a la cima como Entrenador en una tierra de unidad y leyendas! Evoluciona a Snivy, su primer compañero, hasta llegar a Serperior ex, y descubre el poder inspirador de los ideales con los Pokémon legendarios y míticos de la región, incluyendo a Zekrom ex y Meloetta ex. Mientras completas tu Pokédex, estate atento a las ilustraciones especiales de cada Pokémon y a las cartas paralelas con patrones de Poké Ball en la expansión Escarlata y Violeta-Rayo Negro de JCC Pokémon.\n\nMás de 170 cartas\n\nMás de 65 cartas raras con ilustraciones\n\nMás de 5 cartas raras con ilustraciones especiales\n\nMás de 5 Pokémon ex\n\nEscarlata y Violeta-Rayo Negro forma parte de una expansión dividida que destaca los 156 Pokémon descubiertos originalmente en la región de Teselia. Busca la expansión Escarlata y Violeta-Llamar Blanco para coleccionarlos todos.\n\nContiene 6 sobres de refuerzo de <em>Escarlata y Púrpura-Fulgor Negro</em> o <em>Escarlata y Púrpura-Llama Blanca</em>, según el paquete.\n\nIDIOMA: ESPAÑOL\n\nFECHA DE LANZAMIENTO ESPERADO: 22/08/2025",,,taxable,,1,5,,0,0,0.5,10,10,5,0,,,34990,"Pokemon TCG > Booster Bundle, Pokemon TCG",,,https://gamerhouse.cl/wp-content/uploads/2025/05/BUNDLE-BLANCO.jpg,,,,,,,,,0,,default,right-sidebar,655,no,
36418,simple,,,"PREVENTA TCG Pokémon White Flare Booster Bundle INGLES",1,0,visible,,"¡Reúnete con los Pokémon de Teselia y llega a la cima como Entrenador en una tierra de unidad y leyendas! Evoluciona a Snivy, su primer compañero, hasta llegar a Serperior ex, y descubre el poder inspirador de los ideales con los Pokémon legendarios y míticos de la región, incluyendo a Zekrom ex y Meloetta ex. Mientras completas tu Pokédex, estate atento a las ilustraciones especiales de cada Pokémon y a las cartas paralelas con patrones de Poké Ball en la expansión Escarlata y Violeta-Rayo Negro de JCC Pokémon.\n\nMás de 170 cartas\n\nMás de 65 cartas raras con ilustraciones\n\nMás de 5 cartas raras con ilustraciones especiales\n\nMás de 5 Pokémon ex\n\nEscarlata y Violeta-Rayo Negro forma parte de una expansión dividida que destaca los 156 Pokémon descubiertos originalmente en la región de Teselia. Busca la expansión Escarlata y Violeta-Llamar Blanco para coleccionarlos todos.\n\nContiene 6 sobres de refuerzo de <em>Escarlata y Púrpura-Fulgor Negro</em> o <em>Escarlata y Púrpura-Llama Blanca</em>, según el paquete.\n\nIDIOMA: INGLES\n\nFECHA DE LANZAMIENTO ESPERADO: 22/08/2025",,,taxable,,1,9,,0,0,0.5,10,10,5,0,,,39990,"Pokemon TCG > Booster Bundle, Pokemon TCG",,,https://gamerhouse.cl/wp-content/uploads/2025/05/BUNDLE-BLANCO.jpg,,,,,,,,,0,,default,right-sidebar,625,no,
36419,simple,,,"TCG Pokemon Prismatic Evolutions Super Premium Collection ESPAÑOL",1,0,visible,,"Eevee y sus evoluciones transmiten amistad y alegría dondequiera que van, y con los adorables accesorios de esta colección, seguro que llevarán esa misma felicidad a tu próximo gran juego. En el interior, encontrarás una tarjeta promocional especial con una ilustración de estilo raro que presenta a Eevee como un ex Pokémon Tera estelar, listo para evolucionar gracias a su ADN arcoíris.\n\nTambién recibirás una caja de baraja afelpada de Eevee, un tapete de juego y un juego completo de fundas para cartas con ilustraciones increíbles de Eevee y sus evoluciones, y más de una docena de paquetes de refuerzo de la expansión especial Scarlet &amp; Violet—Prismatic Evolutions.\n\nLa colección Super-Premium Scarlet &amp; Violet—Prismatic Evolutions de JCC Pokémon incluye:\n\n1 carta promocional con ilustraciones completas de Eevee ex\nUna caja de baraja afelpada de Eevee\nUn tapete de juego con Eevee y sus evoluciones\n65 fundas para cartas con Eevee y sus evoluciones\n15 paquetes de refuerzo Scarlet &amp; Violet—Prismatic Evolutions de JCC Pokémon\nUna tarjeta con código para Pokémon TCG Live\n\nContenido de la caja sorpresa:\n\n1 carta promocional con ilustraciones completas de Eevee ex\nUna caja de baraja afelpada de Eevee\nUn tapete de juego con Eevee y sus evoluciones\n65 fundas para cartas con Eevee y sus evoluciones\n15 paquetes de refuerzo Scarlet &amp; Violet—Prismatic Evolutions de JCC Pokémon\nUna tarjeta con código para Pokémon TCG Live\n¡Con cada apertura, la emoción de encontrar nuevos tesoros se hace más grande!\n\n<strong>IDIOMA: ESPAÑOL</strong>",,,taxable,,0,0,,0,0,2,60,30,10,0,,,134990,"Pokemon TCG, Pokemon TCG > Premium Collection",,,"https://gamerhouse.cl/wp-content/uploads/2025/05/prisma-1.jpg, https://gamerhouse.cl/wp-content/uploads/2025/05/prisma-2.jpg",,,,,,,,,0,,default,right-sidebar,556,no,
36425,simple,,,"Pokémon TCG - Rivales Predestinados - Booster Bundle ESPAÑOL",1,0,visible,,"<b>EL EQUIPO ROCKET LLEGA CON TODO EN EL PRÓXIMO LANZAMIENTO DE LA NUEVA EXPANSIÓN DEL JUEGO DE CARTAS COLECCIONABLES, <i>ESCARLATA Y PÚRPURA-RIVALES PREDESTINADOS</i></b>\n\nThe Pokémon Company International anunció que la nueva expansión del popular Juego de Cartas Coleccionables Pokémon (JCC Pokémon), <i>Escarlata y Púrpura-Rivales Predestinados</i>, saldrá al mercado el 30 de mayo de 2025 en establecimientos comerciales de todo el mundo.\n\n<i>Escarlata y Púrpura-Rivales Predestinados</i> marcará el retorno de la popular mecánica de los Pokémon de Entrenadores, pero con una vuelta de tuerca: la introducción del malvado Equipo Rocket, una organización de villanos del mundo Pokémon. Los jugadores pueden elegir sus aliados formando equipo con dúos heroicos como Ethan y Ho-Oh ex o Cynthia y Garchomp ex, o bien sumergirse en una aventura maliciosa uniéndose al Equipo Rocket y sus Pokémon, como Mewtwo ex, que sigue las órdenes de Giovanni.\n\nAdemás, los jugadores podrán descubrir las ilustraciones únicas de las nuevas cartas de Pokémon de Entrenadores, que reflejan el vínculo especial compartido entre un experimentado Entrenador Pokémon y sus Pokémon. Cada carta incluirá el nombre del Entrenador.\n\nEntre las cartas más destacadas de <i>Escarlata y Púrpura-Rivales Predestinados</i> se incluyen las siguientes: 83 nuevas cartas del Equipo Rocket\n<ul>\n 	<li>17 Pokémon ex, incluyendo 10 Pokémon ex de Entrenadores</li>\n 	<li>23 Pokémon de rareza Rara Ilustración</li>\n 	<li>11 Pokémon de rareza Rara Ilustración Especial</li>\n 	<li>6 cartas de rareza Rara Híper doradas y grabadas en relieve</li>\n</ul>\nEl TCG Pokemon Rivales Predestinados Booster Bundle incluyen 6 sobres de 10 cartas en idioma Español\n\nFECHA DE LANZAMIENTO: 30-05-2025\n\n&nbsp;\n\n<strong>NOTA: FECHA DE LANZAMIENTO, NOMBRE DE LA EDICION, PRECIO Y CARACTERISTICAS ESTAN SUJETAS A CAMBIOS SIN PREVIO AVISO.</strong>",,,taxable,,1,6,,0,0,0.5,10,10,5,0,,,39990,"Pokemon TCG > Booster Bundle, Pokemon TCG",,,https://gamerhouse.cl/wp-content/uploads/2025/05/BUNDLE-RIVALS.jpg,,,,,,,,,0,,default,right-sidebar,859,no,
36428,simple,,,"Pokémon TCG Blister 3 Sobres - Destined Rivals - Inglés",1,0,visible,,"<b>De qué lado estás?</b>\n¡Alerta, Entrenadores Pokémon! El malvado Equipo Rocket está de vuelta con un nuevo plan, y heroicos Entrenadores vienen en camino para ponerle fin. Une fuerzas con Cynthia y Garchomp ex, Ethan y Ho-Oh ex, o Damián y Mabosstiff ex..., o reconsidera tus alianzas y lucha bajo las órdenes de Giovanni junto a los Pokémon del Equipo Rocket, ¡incluyendo a Mewtwo ex! ¡Elige un bando, reúne a tu equipo y combate con valentía en la expansión Escarlata y Púrpura-Rivales Predestinados de JCC Pokémon!\n\nIDIOMA INGLES\n\n<strong>NOTA: FECHA DE LANZAMIENTO, NOMBRE DE LA EDICION, PRECIO Y CARACTERISTICAS ESTAN SUJETAS A CAMBIOS SIN PREVIO AVISO.</strong>",,,taxable,,1,4,,0,0,0.5,20,20,5,0,,,19990,"Pokemon TCG > Combina Y Combate, Pokemon TCG",,,https://gamerhouse.cl/wp-content/uploads/2025/05/BLISTER-RIVALS.jpg,,,,,,,,,0,,default,right-sidebar,826,no,
36520,simple,,,"coleccion Lillie ingles",1,0,visible,"<h3>Contenido del conjunto:</h3>\n<ul>\n 	<li><strong>1 carta promocional holográfica</strong> de Clefairy ex, ideal para enfrentamientos contra Pokémon de tipo Dragón</li>\n 	<li><strong>3 copias de Perla de Lillie</strong> , una herramienta clave para fortalecer tu equipo</li>\n 	<li><strong>Sobres de refuerzo</strong> con cartas adicionales para mejorar tu mazo</li>\n 	<li><strong>1 hoja de calcomanías exclusivas</strong> con ilustraciones de Lillie y Clefairy</li>\n 	<li><strong>Fundas ilustradas</strong> para proteger tus cartas.</li>\n 	<li><strong>1 caja ilustrada para mazo</strong> , perfecta para organizar tu baraja</li>\n 	<li>Accesorios oficiales para optimizar la experiencia en <strong>JCC Pokémon</strong></li>\n</ul>",,,,taxable,,0,0,,0,0,1,10,10,20,0,,49990,59990,"Pokemon TCG, Pokemon TCG > Special Collection",,,https://gamerhouse.cl/wp-content/uploads/2025/05/caja-lily-scaled.jpg,,,,,,,,,0,,default,right-sidebar,348,no,
36522,simple,,,"Iono`s Bellibolt Ex Premium Collection Ingles",1,0,visible,"La Iono´s Bellobolt Ex Premium Collection de Pokémon TCG incluye:\n\n1 carta promocional con arte completo que presenta el Bellibolt de Iono.\n1 carta foil que presenta el renacuajo de Iono.\n1 hoja de stands acrílicos con Iono, Bellibolt y más.\n1 expositor de fondo de doble cara.\n1 pegatina con foto de Iono y Bellibolt.\n6 sobres de refuerzo de JCC Pokémon.\nUna tarjeta con código para Pokémon TCG Live","La líder del gimnasio de Levincia, Iono, y su compañero Pokémon Bellibolt forman un equipo inseparable lleno de energía. Con esta colección, puedes recurrir al ex Bellibolt de Iono y su habilidad Serpentina eléctrica para energizar al resto de los Pokémon de Iono que estén de tu lado. ¡Luego, déjate llevar por más diversión electrizante con figuras de acrílico, una calcomanía con foto colorida y un puñado de paquetes de refuerzo de JCC Pokémon!\n\n<strong>Contenido:</strong>\n\n1 Carta promocional con arte completo que presenta el Bellibolt de Iono.\n1 Carta foil que presenta el renacuajo de Iono.\n1 Hoja de stands acrílicos con Iono, Bellibolt y más.\n1 Expositor de fondo de doble cara.\n1 Pegatina con foto de Iono y Bellibolt.\n6 Sobres de refuerzo de JCC Pokémon.\n1 Carta con código para Pokémon TCG Live.",,,taxable,,1,1,,0,0,1,40,6,25,0,,24990,50000,"Pokemon TCG, Pokemon TCG > Premium Collection",,,https://gamerhouse.cl/wp-content/uploads/2025/05/coleccion-de-iono-scaled.jpg,,,,,,,,,0,,default,right-sidebar,411,no,
36648,simple,,,"Playstation 4 slim 1 TERA reacondicionada",1,0,visible,,"<strong>PLAYSTATION 4 SLIM</strong>\n<strong>REACONDICIONADA</strong><strong>\nMODELO  1 TERA </strong>\n<strong>INCLUYE CABLES CORRESPONDIENTES</strong>\n<strong>2 JUEGOS FISICOS</strong>\n<strong>CONTROL NUEVO</strong>",,,taxable,,1,1,,0,0,2.5,43,34,10,0,,180000,189990,"Playstation, Playstation > Ps4",,,"https://gamerhouse.cl/wp-content/uploads/2025/06/PS4-2.jpg, https://gamerhouse.cl/wp-content/uploads/2025/06/JUEGOS-PS4.jpg, https://gamerhouse.cl/wp-content/uploads/2025/06/PS4-1.jpg, https://gamerhouse.cl/wp-content/uploads/2025/06/PS4-3.jpg, https://gamerhouse.cl/wp-content/uploads/2025/06/PS4-4.jpg",,,,,,,,,0,,default,right-sidebar,1628,no,
36698,simple,,,"Nintendo oled Blanco Reacondicionada CON MAGIA",1,0,visible,,"Nintendo oled blanco Reacondicionada\nCON MAGIA\nSD128GB 20 JUEGOS SURTIDOS\nEMULADORES\nincluye\nhandgrip\nstraps\ndock\ncargador\njoy cons\ntransformador\nhdmi\n\nbuen estado",,,taxable,,1,2,,0,0,3,45,30,20,0,,,349990,"Nintendo > Consolas, Nintendo",,,"https://gamerhouse.cl/wp-content/uploads/2025/05/sw-oled-blanca-1.jpg, https://gamerhouse.cl/wp-content/uploads/2025/05/sw-oled-blanca-2.jpg, https://gamerhouse.cl/wp-content/uploads/2025/05/sw-oled-blanca-3.jpg",,,,,,,,,0,,default,right-sidebar,1094,no,
36836,simple,,,"Pokémon Rival Battle Deck Marnie",1,0,visible,,"PREVENTA\n\nJCC Pokémon: Baraja de Combate Rival — Marnie / Steven Baraja de Combate Rival\n\nLos Pokémon de Entrenador han vuelto, y puedes llevarlos directamente al combate con una de las dos Barajas de Combate Rival centradas en Marnie, la heroína de Spikemuth, y Steven, el Campeón de Hoenn. ¿Te apetece un toque punk con el Grimmsnarl ex de Marnie y su aceleración de Energía Oscura, o te va más la energía con el Metagross ex de Steven? ¡Cada baraja incluye Pokémon y cartas de Entrenador que se adaptan perfectamente a su estilo y facilitan al máximo el combate de su Pokémon estrella!\n\nDentro de la Baraja de Batalla Rival que elijas, encontrarás un tapete de juego de papel con la temática de Marnie o Steven, con instrucciones fáciles de seguir, un juego de contadores de daño, una moneda metálica grande con la imagen de Marnie o Steven, una carta con código para jugar la baraja online y una carta promocional especial con Steven o Marnie y su compañero Pokémon.\n\nCada Baraja de Batalla Rival de Marnie y Steven de JCC Pokémon incluye:\n\n1 baraja de 60 cartas lista para jugar\n\n1 juego de contadores de daño\n\n1 moneda metálica grande\n\n1 caja para la baraja\n\n1 tapete de juego de doble cara y hoja de estrategia\n\n1 carta con código para jugar esta baraja online\n\nIDIOMA: Español\n\n&nbsp;",,,taxable,,1,6,,0,0,1,20,10,5,0,,,36990,"Pokemon TCG > Leagle Batle Deck, Pokemon TCG",,,"https://gamerhouse.cl/wp-content/uploads/2025/06/marnie-1.jpg, https://gamerhouse.cl/wp-content/uploads/2025/06/marnie-2.jpg",,,,,,,,,0,,default,right-sidebar,569,no,
36839,simple,,,"Pokémon Rival Battle Deck Steven",1,0,visible,,"PREVENTA\n\nJCC Pokémon: Baraja de Combate Rival — Marnie / Steven Baraja de Combate Rival\n\nLos Pokémon de Entrenador han vuelto, y puedes llevarlos directamente al combate con una de las dos Barajas de Combate Rival centradas en Marnie, la heroína de Spikemuth, y Steven, el Campeón de Hoenn. ¿Te apetece un toque punk con el Grimmsnarl ex de Marnie y su aceleración de Energía Oscura, o te va más la energía con el Metagross ex de Steven? ¡Cada baraja incluye Pokémon y cartas de Entrenador que se adaptan perfectamente a su estilo y facilitan al máximo el combate de su Pokémon estrella!\n\nDentro de la Baraja de Batalla Rival que elijas, encontrarás un tapete de juego de papel con la temática de Marnie o Steven, con instrucciones fáciles de seguir, un juego de contadores de daño, una moneda metálica grande con la imagen de Marnie o Steven, una carta con código para jugar la baraja online y una carta promocional especial con Steven o Marnie y su compañero Pokémon.\n\nCada Baraja de Batalla Rival de Marnie y Steven de JCC Pokémon incluye:\n\n1 baraja de 60 cartas lista para jugar\n\n1 juego de contadores de daño\n\n1 moneda metálica grande\n\n1 caja para la baraja\n\n1 tapete de juego de doble cara y hoja de estrategia\n\n1 carta con código para jugar esta baraja online\n\nIDIOMA: INGLES\n\nFECHA DE ENTREGA 16 DE JUNIO",,,taxable,,1,3,,0,0,1,20,10,5,0,,24990,26990,"Pokemon TCG > Leagle Batle Deck, Pokemon TCG",,,"https://gamerhouse.cl/wp-content/uploads/2025/06/steven-1.jpg, https://gamerhouse.cl/wp-content/uploads/2025/06/steven-2.jpg",,,,,,,,,0,,default,right-sidebar,412,no,
36843,simple,,,"Destined Rivals Build &amp; Battle Box (Ingles)",1,0,visible,,"Entrenadores Pokémon, ¡manténganse alerta! El siniestro Equipo Rocket está poniendo en marcha su último plan, y los heroicos Entrenadores se apresuran a detenerlo. Unen fuerzas con personajes como Cynthia y Garchomp (ex), Ethan y Ho-Oh (ex), o Arven y Mabosstiff (ex)… ¡O reconsideren sus lealtades y luchen junto a los Pokémon del Equipo Rocket como Mewtwo (ex), bajo el mando de Giovanni! ¡Elige un bando, reúne a tus aliados y lucha con valentía en la expansión de JCC Pokémon: Scarlet y Violeta—Rivales Destinados!\n\nEl Destined Rivals Build &amp; Battle Box (Ingles) incluye:\n<ul>\n 	<li><strong>4 Sobres Pokémon TCG: Destined Rivals</strong></li>\n 	<li><strong>1 baraja prearmada de 40 cartas. (Son 4 modelos distintos.)</strong></li>\n</ul>\nIDIOMA: INGLES",,,taxable,,1,5,,0,0,0.5,10,10,10,0,,34990,39990,"Pokemon TCG > Combina Y Combate, Pokemon TCG",,,https://gamerhouse.cl/wp-content/uploads/2025/06/rviales.jpg,,,,,,,,,0,,default,right-sidebar,287,no,
36847,simple,,,"Funda transparente TPU switch 2",1,0,visible,,"funda transparente para switch 2, antiarañazos, absorcion de impactos, diseño ergonomico",,,taxable,,1,1,,0,0,0.5,20,10,5,0,,9990,12990,"Nintendo > Consolas, Nintendo",,,https://gamerhouse.cl/wp-content/uploads/2025/06/tou-2.jpg,,,,,,,,,0,,default,right-sidebar,346,no,
36849,simple,,,"Funda transparente TPU switch 2",1,0,visible,,"funda transparente para switch 2, antiarañazos, absorcion de impactos, diseño ergonomico",,,taxable,,1,1,,0,0,0.5,20,10,5,0,,9990,12990,"Nintendo > Consolas, Nintendo",,,https://gamerhouse.cl/wp-content/uploads/2025/06/tpu-1.jpg,,,,,,,,,0,,default,right-sidebar,335,no,
36877,simple,,,"Control joystick inalámbrico Hori Wireless",1,0,visible,,"Mejorar tu experiencia de juego es el objetivo que está en el corazón del negocio de Hori desde hace 25 años y continúa impulsándolos en un mundo de videojuegos en constante cambio.\nSus accesorios combinan calidad, innovación y diseño ergonómico. Además, la marca se encuentra en permanente evolución dando respuesta a lo que los jugadores esperan de sus periféricos.\n\nMayor comodidad y realismo\nTe permite jugar sin necesidad de que haya cables de por medio. Está pensado no solamente para controlar mejor tus videojuegos, sino también para aumentar su realismo y experiencia.\n\nActiva el Bluetooth\nCuenta con conexión Bluetooth de alta tecnología para usarlo en cualquier ordenador o dispositivo; ya no necesitarás de aplicaciones de terceros ni cable USB. Además, posee gran capacidad antiinterferente, fácil manejo y señal de conexión estable.",,,taxable,,1,2,,0,0,0.5,15,10,10,0,,49990,69990,"Nintendo > Controles, Nintendo",,,https://gamerhouse.cl/wp-content/uploads/2025/06/control-wireles.jpg,,,,,,,,,0,,default,right-sidebar,340,no,
36883,simple,54990,,"Pokemon TCG Cynthia’s Garchomp ex Premium Collection English",1,0,visible,,"<strong>Colección Prémium Garchomp ex de Cynthia – Domina el combate con el poder de Sinnoh</strong>\n\nPrepárate para desatar la fuerza imparable de Garchomp ex de Cynthia. Esta increíble <strong>Colección Prémium de JCC Pokémon</strong> te trae una carta promo holográfica con arte completo de <strong>Garchomp ex</strong>, junto a sus preevoluciones <strong>Gible</strong> y <strong>Gabite</strong>, listas para reforzar tu baraja.\n\n<strong>Contenido exclusivo:</strong>\n<ul>\n 	<li>1 carta promo holográfica de <strong>Garchomp ex de Cynthia</strong></li>\n 	<li>2 cartas holográficas de <strong>Gible de Cynthia y Gabite de Cynthia</strong></li>\n 	<li>1 lámina de figuras acrílicas con Cynthia, Garchomp y más</li>\n 	<li>1 fondo de exhibición reversible para mostrar tu colección</li>\n 	<li>1 calcomanía especial de Cynthia y Garchomp</li>\n 	<li>6 sobres de refuerzo de JCC Pokémon para ampliar tu mazo</li>\n 	<li>1 carta con código para JCC Pokémon Live</li>\n</ul>\n<strong>IDIOMA:</strong> INGLES",,,taxable,,1,1,,0,0,1,30,20,10,0,,,44990,"Pokemon TCG, Pokemon TCG > Premium Collection",,,https://gamerhouse.cl/wp-content/uploads/2025/06/cynthias.jpg,,,,,,,,,0,,default,right-sidebar,173,no,
36952,simple,,,"Pokemon TCG Team Rocket's Mewtwo ex Box Ingles",1,0,visible,,"¡Giovanni y Mewtwo unen sus fuerzas en combate!\n\nEn su búsqueda del poder absoluto y la dominación mundial, ¡Giovanni y el Equipo Rocket desatan la estremecedora fuerza de un temible Pokémon en combate! Cuando Mewtwo ex del Equipo Rocket es respaldado por otros Pokémon del Equipo Rocket, su ataque Bola Aniquiladora puede infligir hasta 280 puntos de daño de un solo golpe. En esta caja encontrarás a este poderoso Pokémon ex como carta promo holográfica junto a Meowth del Equipo Rocket y a Giovanni del Equipo Rocket, además de 1 fotocalcomanía y un montón de sobres de refuerzo.\n\nLa Caja Mewtwo ex del Equipo Rocket de JCC Pokémon contiene:\n\n1 carta promo holográfica de Mewtwo ex del Equipo Rocket\n2 cartas holográficas: Meowth del Equipo Rocket y Giovanni del Equipo Rocket\n1 carta holográfica jumbo de Mewtwo ex del Equipo Rocket\n1 fotocalcomanía\n4 sobres de refuerzo de JCC Pokémon\n1 carta con código para JCC Pokémon Live",,,taxable,,1,2,,0,0,1,30,20,10,0,,,34990,"Pokemon TCG",,,https://gamerhouse.cl/wp-content/uploads/2025/06/team-rocket-mewt.jpg,,,,,,,,,0,,default,right-sidebar,137,no,
36955,simple,,,"Pokémon TCG: Astral Radiance Elite Trainer Box - INGLES",1,0,visible,,"PRODUCTO EN INGLES\n\nLa Astral Radiance Elite Trainer Box de TCG Pokémon incluye:\n<ul>\n 	<li>8 sobres de Resplandor Astral</li>\n 	<li>65 fundas con el diseño de Darkrai</li>\n 	<li>45 cartas de Energía</li>\n 	<li>6 Dados contadores de daño</li>\n 	<li>1 Dado válido para el lanzamiento de moneda</li>\n 	<li>4 separadores con el diseño de Darkrai</li>\n 	<li>2 marcadores de condición acrílicos de quemado y envenenado</li>\n 	<li>1 caja de almacenamiento de Darkrai</li>\n 	<li>1 guía de jugador para conocer toda la información de la expansión</li>\n 	<li>1 libro de reglas</li>\n 	<li>1 código canjeable en el juego online Pokémon Live!</li>\n</ul>",,,taxable,,1,1,,0,0,1.5,19,17,10,0,,,84990,"Pokemon TCG > Elite Trainer Box, Pokemon TCG",,,https://gamerhouse.cl/wp-content/uploads/2025/03/astral.png,,,,,,,,,0,,default,right-sidebar,698,no,
37073,simple,,,"Pokémon Super Premium Collection Prismatic Evolutions Inglés",1,0,visible,,"Eevee y sus evoluciones transmiten amistad y alegría dondequiera que van, y con los adorables accesorios de esta colección, seguro que llevarán esa misma felicidad a tu próximo gran juego. En el interior, encontrarás una tarjeta promocional especial con una ilustración de estilo raro que presenta a Eevee como un ex Pokémon Tera estelar, listo para evolucionar gracias a su ADN arcoíris.\n\nTambién recibirás una caja de baraja afelpada de Eevee, un tapete de juego y un juego completo de fundas para cartas con ilustraciones increíbles de Eevee y sus evoluciones, y más de una docena de paquetes de refuerzo de la expansión especial Scarlet &amp; Violet—Prismatic Evolutions.\n\nLa colección Super-Premium Scarlet &amp; Violet—Prismatic Evolutions de JCC Pokémon incluye:\n\n1 carta promocional con ilustraciones completas de Eevee ex\nUna caja de baraja afelpada de Eevee\nUn tapete de juego con Eevee y sus evoluciones\n65 fundas para cartas con Eevee y sus evoluciones\n15 paquetes de refuerzo Scarlet &amp; Violet—Prismatic Evolutions de JCC Pokémon\nUna tarjeta con código para Pokémon TCG Live\n\nContenido de la caja sorpresa:\n\n1 carta promocional con ilustraciones completas de Eevee ex\nUna caja de baraja afelpada de Eevee\nUn tapete de juego con Eevee y sus evoluciones\n65 fundas para cartas con Eevee y sus evoluciones\n15 paquetes de refuerzo Scarlet &amp; Violet—Prismatic Evolutions de JCC Pokémon\nUna tarjeta con código para Pokémon TCG Live\n¡Con cada apertura, la emoción de encontrar nuevos tesoros se hace más grande!\n\n<strong>IDIOMA: INGLES</strong>",,,taxable,,0,0,,0,0,1,20,10,10,0,,,149990,"Pokemon TCG > Premium Collection",,,https://gamerhouse.cl/wp-content/uploads/2025/06/prisma-1-300x300-1.jpg,,,,,,,,,0,,default,right-sidebar,121,no,
37075,simple,,,"Sobre de booster pack edicion Journey Together (INGLES)",1,0,visible,,"Los Pokémon de Entrenadores se lanzan al combate!\nMediante la confianza plena y una dirección firme, los Entrenadores ayudan a sus Pokémon a sacar lo mejor de sí. Ese vínculo que comparten los impulsa a combatir al unísono, llevando sus fuerzas al límite, ¡incluso como Pokémon ex! Únete al Zoroark ex de N, al Bellibolt ex de e-Nigma, al Clefairy ex de Lillie, al Zacian ex de Paul, entre muchos otros Pokémon de Entrenadores, ¡y descubre el incomparable poder de la amistad en la expansión Escarlata y Púrpura-Aventuras Compartidas de JCC Pokémon!\n- Más de 180 cartas\n- Más de 40 Pokémon de Entrenadores\n- Más de 15 Pokémon ex\n- Más de 15 cartas de Entrenador\n- Más de 30 cartas de Pokémon y de Entrenador con ilustraciones especiales\n\n&nbsp;\n\nProducto sellado que incluye 1 sobre con contenido al azar, el envío del diseño exterior es al azar, los sobres también tienen contenido al azar.",,,taxable,,1,35,,0,0,0.5,10,5,2,0,,5990,7990,"Pokemon TCG > Sobres sueltos",,,https://gamerhouse.cl/wp-content/uploads/2025/06/D_NQ_NP_947483-MLM83106896138_032025-O-pokemon-tcg-journey-together-10-sobres-ingles.webp,,,,,,,,,0,,default,right-sidebar,66,no,
37083,simple,,,"Gameboy color - Morada",1,0,visible,,"Consola Gameboy color\n\n-Reacondicionada\n\n-Pantalla original",,,taxable,,0,0,,0,0,0.13,20,7,13,0,,,69990,"Nintendo, Nintendo > Portatiles",,,"https://gamerhouse.cl/wp-content/uploads/2025/06/gbc-morada.jpg, https://gamerhouse.cl/wp-content/uploads/2025/06/gbc-morada-2.jpg",,,,,,,,,0,,default,right-sidebar,247,no,
37109,simple,,,"Funda transparente TPU switch 2",1,0,visible,,"funda transparente para switch 2, antiarañazos, absorcion de impactos, diseño ergonomico",,,taxable,,1,2,,0,0,0.5,20,10,5,0,,9990,12990,"Nintendo > Consolas, Nintendo",,,https://gamerhouse.cl/wp-content/uploads/2025/06/tpu-transparente.jpg,,,,,,,,,0,,default,right-sidebar,340,no,
37114,simple,,,"Bolso rígido sw2 consola completa Blanco",1,0,visible,,"Bolso rígido sw2 consola completa\nPRODUCTO NUEVO\ncolor blanco",,,taxable,,1,1,,0,0,0.5,20,15,10,0,,19990,24990,Nintendo,,,"https://gamerhouse.cl/wp-content/uploads/2025/06/bolso-triple.jpg, https://gamerhouse.cl/wp-content/uploads/2025/06/bolso-1.jpg",,,,,,,,,0,,default,right-sidebar,346,no,
37116,simple,,,"Bolso rígido sw2 consola completa Mario",1,0,visible,,"Bolso rígido sw2 consola completa\nPRODUCTO NUEVO\ncolor edicion Mario",,,taxable,,1,1,,0,0,0.5,20,15,10,0,,24990,29990,Nintendo,,,https://gamerhouse.cl/wp-content/uploads/2025/06/bolso-2.jpg,,,,,,,,,0,,default,right-sidebar,293,no,
37118,simple,,,"Protector Lamina de vidrio templado para Nintendo Switch 2",1,0,visible,,"Vidrio templado para Nintendo Switch 2\n\n- Anti burbujas\n- Anti grasa\n- Superficie resistente y anti rayas\n- 99,99% transparencia\n- No altera la sensibilidad de la pantalla táctil\n- Grosor 0.3 mm",,,taxable,,1,6,,0,0,0.1,20,10,2,0,,7990,9990,Nintendo,,,"https://gamerhouse.cl/wp-content/uploads/2025/06/mica1.jpg, https://gamerhouse.cl/wp-content/uploads/2025/06/mica-2-1.jpg",,,,,,,,,0,,default,right-sidebar,168,no,
37122,simple,,,"SOPORTE DE MANO 4 IN 1 PARA SW2",1,0,visible,,"Optimiza tu experiencia de juego en Mario Kart 8 Deluxe y otros juegos de carreras con estos volantes diseñados especialmente para los Joy-Con de Nintendo Switch 2. El pack incluye dos volantes de carreras que proporcionan un agarre cómodo y preciso, permitiéndote disfrutar de una experiencia inmersiva de conducción mas dos grips para joy cons.\n\nsolo compatible con sw2",,,taxable,,1,3,,0,0,0.5,20,10,10,0,,19990,24990,Nintendo,,,"https://gamerhouse.cl/wp-content/uploads/2025/06/base-sw-3.jpg, https://gamerhouse.cl/wp-content/uploads/2025/06/base-sw.jpg, https://gamerhouse.cl/wp-content/uploads/2025/06/base-sw-2.jpg",,,,,,,,,0,,default,right-sidebar,142,no,
37137,simple,,,"Control Gamer Nintendo Switch 2 Pro Controller NS2",1,0,visible,,"Estás listo para la acción con el <strong data-start=""84"" data-end=""123"">Control Pro Nintendo Switch 2 Negro</strong> en tus manos. Su diseño cómodo te acompaña en esas horas de juego sin que te dé fatiga, dejándote disfrutar al máximo. Gracias a la<strong data-start=""256"" data-end=""286"">compatibilidad con amiibo</strong> , puedes desbloquear sorpresas y contenido extra, agregando una capa extra de diversión mientras juegas. Con este control, cada sesión se convierte en una experiencia más intensa y envolvente.\n\nEl <strong>Control Pro Nintendo Switch 2 Negro</strong> es perfecto para quienes buscan precisión, comodidad y un rendimiento superior. Diseñado para largas sesiones de juego, cuenta con <strong>HD Rumble 2</strong>, <strong>controles de movimiento</strong>, botón <strong>""C""</strong> para acceso rápido a GameChat y compatibilidad con <strong>amiibo™</strong>. Además, incluye puerto de <strong>audio de 3,5 mm</strong> y botones <strong>GL/GR programables</strong>, para una experiencia completamente personalizable.",,,taxable,,1,1,,0,0,0.5,20,10,10,0,,109990,129990,Nintendo,,,"https://gamerhouse.cl/wp-content/uploads/2025/06/control-pro-1.jpg, https://gamerhouse.cl/wp-content/uploads/2025/06/control-pro-2.jpg, https://gamerhouse.cl/wp-content/uploads/2025/06/control-pro-4.jpg",,,,,,,,,0,,default,right-sidebar,294,no,
37281,simple,,,"MTG Aetherdrift Bundle - Ingles",1,0,visible,,"<h4>Bundle de Aetherdrift de Magic: The Gathering en inglés</h4>\n<ul>\n 	<li>SOLO ES UNA CARRERA DE LA MUERTE SI MUERES: abróchate el cinturón y prepárate para una mortífera carrera por el Multiverso hasta las cejas de emociones, adrenalina y jugadas mágicas</li>\n 	<li>EL VOLANTE ESTÁ EN TUS MANOS: ponte al volante y haz que tus rivales muerdan el polvo con un bundle repleto de cartas y accesorios exclusivos</li>\n 	<li>CARTA CON ARTE ALTERNATIVO ESPECIAL: todos los bundles incluyen 1 carta promocional con arte alternativo y un tratamiento foil tradicional brillante que solo encontrarás en el bundle</li>\n 	<li>9 SOBRES PARA JUGAR CON AMIGOS: este bundle incluye 9 sobres de juego que son perfectos para construir mazos o jugar a Limitado y resultan muy divertidos de abrir; cada uno contiene al menos 1 carta foil tradicional y ofrece la posibilidad de conseguir varias cartas raras</li>\n 	<li>40 CARTAS DE TIERRA: traza las curvas al límite por 3 planos llenos de caos con 20 cartas de tierra básica foil tradicionales y 20 no foil que pondrán el turbo a tus mazos, entre las que se incluyen 10 tierras con arte completo (5 foil, 5 no foil)</li>\n 	<li>ACCESORIOS EXCLUSIVOS DEL BUNDLE: este bundle viene con accesorios que no encontrarás en ninguna otra parte, entre los que hay un dado especial para contar las vidas y una resistente caja de Aetherdrift para guardarlo todo</li>\n 	<li>CONTENIDO DEL BUNDLE: 9 sobres de juego de MTG de Aetherdrift, 1 carta foil tradicional con arte alternativo, 40 cartas de tierra (20 foil, 20 no foil), 1 contador de vidas Spindown, 1 caja guardacartas y 2 tarjetas de referencia</li>\n</ul>",,,taxable,,1,1,,0,0,0.5,8,15,8,0,,59990,64990,"Magic, Magic > Sellado",,,https://gamerhouse.cl/wp-content/uploads/2025/06/aether-bundle-600x600-1.jpg,,,,,,,,,0,,default,right-sidebar,141,no,
37284,simple,,,"MTI Modern Horizons III Bundle - Ingles",1,0,visible,,"<div class=""container-fluid"">\n<div class=""row main-content-wrap"">\n<div class=""main-content col-lg-6"">\n<div id=""primary"" class=""content-area"">\n\n&nbsp;\n<div id=""product-26938"" class=""product type-product post-26938 status-publish first instock product_cat-juegos-de-cartas product_cat-magic-the-gathering product_cat-ofertas product_tag-superofertas has-post-thumbnail sale taxable shipping-taxable purchasable product-type-simple product-layout-default"">\n<div id=""product-tab"" class=""woocommerce-tabs woocommerce-tabs-3kj86ijj resp-htabs"">\n<div class=""resp-tabs-container"">\n<div id=""tab-description"" class=""tab-content resp-tab-content resp-tab-content-active"" aria-labelledby=""tab_item-0"">\n<h4>Bundle de Horizontes de Modern 3 en inglés</h4>\n• TUS NUEVAS CARTAS FAVORITAS PARA SIEMPRE: entre el debut de un buen montón de cartas emocionantes para Modern (uno de los formatos más populares de Magic) y el regreso de cartas competitivas populares, Horizontes de Modern 3 hará las delicias de todo el mundo\n• AHORA CON SOBRES DE JUEGO: ¡llévate lo mejor de los sobres de edición y de Draft combinados en uno solo! Los sobres de juego son geniales para Limitado y muy divertidos de abrir, porque ofrecen la posibilidad de conseguir varias cartas raras y todos tienen al menos 1 carta foil brillante\n• TIERRAS CON ARTE COMPLETO Y CARTA CON ARTE ALTERNATIVO ESPECIAL: todos los bundles también incluyen 1 carta promocional foil tradicional con arte alternativo exclusivo del bundle. Además, 10 de las 30 cartas de tierra son versiones asombrosas con arte completo (5 foil, 5 no foil)\n• ACCESORIOS EXCLUSIVOS: aparte de las cartas de la colección, cada bundle de MH3 viene con accesorios exclusivos, entre los que hay un dado especial para contar las vidas y una caja resistente para guardarlo todo\n• CARTAS PODEROSAS PARA CONSTRUIDO Y LIMITADO DE MODERN O PARA COMMANDER: revoluciona tu mazo con potentes cartas nuevas en Modern, juega un Booster Draft de alto nivel con tus amigos o descubre criaturas legendarias con asombrosos tratamientos especiales que podrían ser las musas de tu próximo mazo de Commander\n• CONTENIDO DEL BUNDLE: llévate un bundle repleto de cartas de MTG y accesorios que incluye 9 sobres de juego de Horizontes de Modern 3, 1 carta foil tradicional con arte alternativo, 30 cartas de tierra (15 foil, 15 no foil), 1 contador de vidas Spindown, 1 caja guardacartas y 2 tarjetas de referencia\n\n</div>\n</div>\n</div>\n</div>\n&nbsp;\n\n</div>\n</div>\n<div class=""col-lg-3 sidebar porto-woo-product-sidebar left-sidebar"">\n<div class=""sidebar-content""><aside id=""block-7"" class=""widget widget_block widget_text"">.</aside></div>\n</div>\n<div class=""col-lg-3 sidebar porto-blog-sidebar right-sidebar"">\n<div class=""sidebar-content""><aside id=""block-4"" class=""widget widget_block"">\n<div class=""wp-block-group"">\n<div class=""wp-block-group__inner-container is-layout-flow wp-block-group-is-layout-flow""></div>\n</div>\n</aside><aside id=""block-5"" class=""widget widget_block"">\n<div class=""wp-block-group"">\n<div class=""wp-block-group__inner-container is-layout-flow wp-block-group-is-layout-flow""></div>\n</div>\n</aside><aside id=""block-6"" class=""widget widget_block"">\n<div class=""wp-block-group"">\n<div class=""wp-block-group__inner-container is-layout-flow wp-block-group-is-layout-flow""></div>\n</div>\n</aside></div>\n</div>\n</div>\n</div>\n<div class=""related products"">\n<div class=""container-fluid""></div>\n</div>",,,taxable,,1,1,,0,0,0.5,18,8,8,0,,,99990,"Magic, Magic > Sellado",,,https://gamerhouse.cl/wp-content/uploads/2025/06/bundle-mh3-en-600x600-1.jpg,,,,,,,,,0,,default,right-sidebar,127,no,
37287,simple,,,"Playmat Yu-Gi-Oh!: Kuriboh Kollection",1,0,visible,,"Kuriboh Kollection Game Mat de Yu-Gi-Oh! JCC presenta a Magikuriboh,  la nueva adición a la familia Kuriboh, el cual vendrá en el próximo booster set, Battle of Chaos.\nLa suave cubierta de este Mat llena de distintos Monstruos Kuriboh de Yu-Gi-Oh! JCC permitirá a los Duelistas proteger sus cartas tal como Kuriboh protegió los Life Points de Yugi en el Reino de los Duelistas.\nHecho con materiales de alta calidad, este Mat de Duelo tiene las mismas medidas que los Mats utilizados como premios en muchos de los eventos sancionados de KONAMI. Usa este mat para mantener tus cartas seguras mientras juegas tus duelos a la cima.",,,taxable,,1,1,,0,0,0.5,20,4,4,0,,,15000,"Singles > Accesorios",,,https://gamerhouse.cl/wp-content/uploads/2025/06/KKA_GameMat-Whole-Mat-600x600-1.jpg,,,,,,,,,0,,default,right-sidebar,99,no,
37289,simple,,,"YU-GI-OH! Deck Box Kuriboh",1,0,visible,,"<div class=""main-content col-lg-6"">\n<div id=""primary"" class=""content-area"">\n\n&nbsp;\n<div id=""product-9254"" class=""product type-product post-9254 status-publish first instock product_cat-accesorios product_cat-ofertas product_cat-yu-gi-oh-accesorios has-post-thumbnail sale taxable shipping-taxable purchasable product-type-simple product-layout-default"">\n<div id=""product-tab"" class=""woocommerce-tabs woocommerce-tabs-nvpq94ws resp-htabs"">\n<div class=""resp-tabs-container"">\n<div id=""tab-description"" class=""tab-content resp-tab-content resp-tab-content-active"" aria-labelledby=""tab_item-0"">\n\nLos Duelistas podrán transportar sus mazos con tranquilidad, sabiendo que están en buenas garras con el nuevo Yu-Gi-Oh! JCC Kuriboh Kollection Card Case, que presenta a Magikuriboh,  la nueva adición a la familia Kuriboh, el cual vendrá en el próximo booster set, Battle of Chaos.\n\nEste Portamazo oficial es lo suficientemente espacioso para albergar un Main deck, un Side Deck y un Extra Deck. Cada Portamazo está confeccionado con material durable, incluye un divisor de cartas y posee un cierre resistente que asegurará que tus cartas se mantengan seguras en su interior.\n¡Mantén a tus mejores Monstruos seguros y listos para el Duelo!\n\n</div>\n</div>\n</div>\n</div>\n&nbsp;\n\n</div>\n</div>\n<div class=""col-lg-3 sidebar porto-woo-product-sidebar left-sidebar"">\n<div class=""sidebar-content""></div>\n</div>",,,taxable,,1,1,,0,0,0.3,7,7,10,0,,,5000,"Singles > Accesorios",,,https://gamerhouse.cl/wp-content/uploads/2025/06/KKA_Card_Case-600x600-1.jpg,,,,,,,,,0,,default,right-sidebar,97,no,
37291,simple,,,"YU-GI-OH! Deck Box Gold Pride",1,0,visible,,"<div class=""container-fluid"">\n<div class=""row main-content-wrap"">\n<div class=""main-content col-lg-6"">\n<div id=""primary"" class=""content-area"">\n\n&nbsp;\n<div id=""product-21256"" class=""product type-product post-21256 status-publish first instock product_cat-accesorios product_cat-ofertas product_cat-yu-gi-oh-accesorios has-post-thumbnail sale taxable shipping-taxable purchasable product-type-simple product-layout-default"">\n<div id=""product-tab"" class=""woocommerce-tabs woocommerce-tabs-99g0970z resp-htabs"">\n<div class=""resp-tabs-container"">\n<div id=""tab-description"" class=""tab-content resp-tab-content resp-tab-content-active"" aria-labelledby=""tab_item-0"">\n<h5>Protege tu Baraja con el <i>Gold Pride – Super Fan Card Case</i> !</h5>\n<section class=""body"">¡Ensillad, Duelistas! ¡Protege tu Deck con el Estuche de Cartas perfecto para los fanáticos de la raza más peligrosa del universo conocido con Yu-Gi-Oh! JUEGO DE CARTAS COLECCIONABLES (JCC)  <em>Gold Pride – ¡Estuche de cartas Super Fan!</em>¡Este caso está cubierto por los emblemas de los mejores competidores en el “Gold Pride”, la carrera titular que se lleva a cabo en el tema del estreno mundial “Gold Pride” que debutó en <em>Photon Hypernova</em> ! Mantén tus cartas separadas con un divisor especial de dos caras que muestra a dos de los mayores rivales de la carrera: <strong>Gold Pride – Star Leon</strong> en un lado y <strong>Gold Pride – Nytro Head</strong> en el otro. ¡Asegúrate de estar atento a más tarjetas «Gold Pride» en <em>Cyberstorm Access</em> que se lanzarán en mayo!Este oficial de Yu-Gi-Oh! TCG Card Case es lo suficientemente grande como para contener el Deck Principal, el Deck Extra y el Side Deck de un Duelista. Cada estuche para tarjetas está hecho de material duradero, incluye un divisor para tarjetas y viene con un cierre resistente para garantizar que sus tarjetas permanezcan protegidas en el interior. ¡Mantén tu Deck a salvo y prepárate para el Duelo!</section></div>\n</div>\n</div>\n</div>\n&nbsp;\n\n</div>\n</div>\n<div class=""col-lg-3 sidebar porto-woo-product-sidebar left-sidebar"">\n<div class=""sidebar-content""><aside id=""block-7"" class=""widget widget_block widget_text"">.</aside></div>\n</div>\n<div class=""col-lg-3 sidebar porto-blog-sidebar right-sidebar"">\n<div class=""sidebar-content""><aside id=""block-4"" class=""widget widget_block"">\n<div class=""wp-block-group"">\n<div class=""wp-block-group__inner-container is-layout-flow wp-block-group-is-layout-flow""></div>\n</div>\n</aside><aside id=""block-5"" class=""widget widget_block"">\n<div class=""wp-block-group"">\n<div class=""wp-block-group__inner-container is-layout-flow wp-block-group-is-layout-flow""></div>\n</div>\n</aside><aside id=""block-6"" class=""widget widget_block"">\n<div class=""wp-block-group"">\n<div class=""wp-block-group__inner-container is-layout-flow wp-block-group-is-layout-flow""></div>\n</div>\n</aside></div>\n</div>\n</div>\n</div>\n<div class=""related products"">\n<div class=""container-fluid""></div>\n</div>",,,taxable,,1,1,,0,0,0.3,7,7,10,0,,,5000,Nintendo,,,https://gamerhouse.cl/wp-content/uploads/2025/06/GOPR_case_550-1.png,,,,,,,,,0,,default,right-sidebar,153,no,
37298,simple,,,"Yu-Gi-Oh! Playmat Elemental Hero",1,0,visible,,"¡La <em>Elemental HERO Game Mat</em> oficial de Yu-Gi-Oh! JUEGO DE CARTAS COLECCIONABLES (JCC) reúne una miríada de monstruos de «HÉROE Elemental»!¡Los queridos monstruos de Jaden Yuki en «HÉROE Elemental» se congregan para proteger tus cartas cuando luchas con tus adversarios sobre la suave superficie de esta Alfombra de Juego!\n\nLa Alfombra de Juego, fabricada con materiales de alta calidad, tiene el mismo tamaño que las usadas como premio en varios eventos oficiales de KONAMI. ¡Usa esta Alfombra de Juego para que tus cartas no se estropeen mientras te bates en Duelo para llegar a lo más alto!",,,taxable,,1,1,,0,0,05,20,4,4,0,,,15000,Nintendo,,,https://gamerhouse.cl/wp-content/uploads/2025/06/elhero-mat-600x600-1.png,,,,,,,,,0,,default,right-sidebar,113,no,
37301,simple,,,"YU-GI-OH! Gold Pride Carpeta",1,0,visible,,"Protege tu colección con orgullo y estilo con el nuevo Yu-Gi-Oh! JUEGO DE CARTAS COLECCIONABLES <em> Gold Pride – ¡Cartera de Duelista de 9 Bolsillos con Acabado Fotográfico</em> !El frente de la cartera está adornado con las insignias de todos los principales competidores que participan en la carrera «Gold Pride» de este año, ¡mientras que la parte posterior presenta ilustraciones de una próxima tarjeta para el tema! La carrera es cabeza a cabeza, pero ¿quién saldrá victorioso al final? ¡Asegúrese de estar atento a más tarjetas «Gold Pride» en <em>Cyberstorm Access</em> , que se lanzarán en mayo!Diseñado con un diseño de carga lateral seguro, este portafolio de 10 páginas tiene 9 bolsillos por página; al colocar las tarjetas de adelante hacia atrás, puede almacenar hasta 180 de sus tarjetas más cuidadas. La cartera Duelist de 9 bolsillos también utiliza una función antideslizante para mantener las tarjetas seguras y su colección segura en todo momento.",,,taxable,,1,1,,0,0,0.20,9,0.75,12,0,,,10000,Nintendo,,,https://gamerhouse.cl/wp-content/uploads/2025/06/1-1-scaled.png,,,,,,,,,0,,default,right-sidebar,121,yes,
37306,simple,,,"YU-GI-OH! Kuriboh Kollection Carpeta",1,0,visible,,"<div class=""container-fluid"">\n<div class=""row main-content-wrap"">\n<div class=""main-content col-lg-6"">\n<div id=""primary"" class=""content-area""><main id=""content"" class=""site-main"">\n<div id=""product-9255"" class=""product type-product post-9255 status-publish first instock product_cat-ofertas product_cat-yu-gi-oh-accesorios has-post-thumbnail sale taxable shipping-taxable purchasable product-type-simple product-layout-default"">\n<div id=""product-tab"" class=""woocommerce-tabs woocommerce-tabs-moszdpt3 resp-htabs"">\n<div class=""resp-tabs-container"">\n<div id=""tab-description"" class=""tab-content resp-tab-content resp-tab-content-active"" aria-labelledby=""tab_item-0"">\n\nMantén protegida tu colección con el nuevo Kuriboh Kollection 9-Pocket Duelist Portfolio de Yu-Gi-Oh! JCC presentando a Magikuriboh,  la nueva adición a la familia Kuriboh,  el cual vendrá en el próximo booster set, Battle of Chaos.\nEl nuevo portafolio tiene un atractivo indiscutible, presentando distintos monstruos Kuriboh  de Yu-Gi-Oh! JCC. Diseñado con un seguro sistema de carga lateral. Este portafolio de 10 páginas tiene 9 bolsillos por página, lo que permite una carga de hasta 180 unidades de tus cartas más preciadas si se ocupan por ambos lados. Este portafolio también posee un sistema antideslizante para mantener tu colección segura todo el tiempo.\n\n</div>\n</div>\n</div>\n</div>\n</main></div>\n</div>\n<div class=""col-lg-3 sidebar porto-woo-product-sidebar left-sidebar"">\n<div class=""sidebar-content""><aside id=""block-7"" class=""widget widget_block widget_text"">.\n\n</aside></div>\n</div>\n<div class=""col-lg-3 sidebar porto-blog-sidebar right-sidebar"">\n<div class=""sidebar-content""><aside id=""block-4"" class=""widget widget_block"">\n<div class=""wp-block-group"">\n<div class=""wp-block-group__inner-container is-layout-flow wp-block-group-is-layout-flow""></div>\n</div>\n</aside><aside id=""block-5"" class=""widget widget_block"">\n<div class=""wp-block-group"">\n<div class=""wp-block-group__inner-container is-layout-flow wp-block-group-is-layout-flow""></div>\n</div>\n</aside><aside id=""block-6"" class=""widget widget_block"">\n<div class=""wp-block-group"">\n<div class=""wp-block-group__inner-container is-layout-flow wp-block-group-is-layout-flow""></div>\n</div>\n</aside></div>\n</div>\n</div>\n</div>\n<div class=""related products"">\n<div class=""container-fluid""></div>\n</div>",,,taxable,,1,1,,0,0,0.20,9,0.75,12,0,,,10000,Nintendo,,,https://gamerhouse.cl/wp-content/uploads/2025/06/KKA_9pkt_Portfolio-600x600-1.jpg,,,,,,,,,0,,default,right-sidebar,171,no,
37308,simple,,,"Secret Lair: Ultimate Edition 2",1,0,visible,,"Contiene 10 cartas de tierras Senda foil con arte completo y con 20 piezas de arte exclusivo de “planos intercambiados”: se trata de tierras que antes solo aparecieron en Zendikar y que ahora aparecerán en el nuevo plano de Kaldheim, y de tierras que verás en Kaldheim que ahora aparecerán en Zendikar.",,,taxable,,1,1,,0,0,0.800,25,9,29,0,,,89990,"Magic, Magic > Sellado",,,"https://gamerhouse.cl/wp-content/uploads/2025/06/sl-ultimate-2-600x600-1.png, https://gamerhouse.cl/wp-content/uploads/2025/06/sl-ultimate-2-a-600x600-1.png",,,,,,,,,0,,default,right-sidebar,110,no,2025-06-30
37311,simple,,,"MTG Aetherdrift Play Booster Box - Ingles",1,0,visible,,"<h4>Caja de sobres de juego de Aetherdrift de Magic: The Gathering en inglés</h4>\n• SOLO ES UNA CARRERA DE LA MUERTE SI MUERES: abróchate el cinturón y prepárate para una mortífera carrera por el Multiverso hasta las cejas de emociones, adrenalina y jugadas mágicas\n• LOS MEJORES SOBRES PARA JUGAR CON AMIGOS: los sobres de juego son la mejor forma de descubrir lo que Magic: The Gathering te ofrece; son perfectos para construir mazos o jugar a Limitado con tus amigos y resultan muy divertidos de abrir\n• 2 CARTAS ESPECIALES FOIL: como premio tentador para una competición por todo lo alto, en cada caja de sobres conseguirás 2 cartas especiales que resplandecen con un nuevo tratamiento foil\n• PUEDEN CONTENER VARIAS CARTAS RARAS: cada sobre de juego incluye entre 1 y 4 cartas raras o de una rareza superior y también ofrece la posibilidad de conseguir una carta rara mítica de Invitados especiales de la historia de Magic con una ilustración nueva y sin borde\n• UNA FOIL BRILLANTE EN CADA SOBRE: todos los sobres también contienen al menos 1 carta foil tradicional resplandeciente de cualquier rareza; además, en el 20 % de ellos también encontrarás una carta de tierra foil tradicional\n• PUEDEN INCLUIR CARTAS DE ARTE: los sobres de juego son los únicos que pueden contener cartas de arte que destacan ilustraciones de Aetherdrift, que incluso pueden tener una firma foil del artista\n• CONTENIDO DE LA CAJA DE SOBRES DE JUEGO: un sobre con 2 cartas especiales + 30 sobres de juego de Aetherdrift, cada uno con 14 cartas de MTG y 1 ficha o carta de arte",,,taxable,,1,1,,0,0,1,18,15,15,0,,,179990,"Magic, Magic > Sellado",,,https://gamerhouse.cl/wp-content/uploads/2025/06/aether-en-play-600x600-1.jpg,,,,,,,,,0,,default,right-sidebar,168,no,
37313,simple,,,"MTG Sobres de Jumpstart 2022 Display (24 un) Español",1,0,visible,,"La caja de sobres de <em>Jumpstart 2022</em> contiene 24 sobres de Jumpstart de <em>Magic: The Gathering</em>. Cada sobre de <em>Jumpstart 2022</em> incluye 1 hoja que indica la temática del sobre y 20 cartas de <em>Magic</em> de esa temática, incluida 1 carta de estilo anime, un total de entre 1 y 2 cartas raras o de una rareza superior y todas las tierras que necesitas para jugar. Para jugar con combinaciones de temáticas aún más alocadas, los sobres de <em>Jumpstart 2022</em> se pueden mezclar con sobres de cualquier otro producto de <em>Jumpstart</em>.\n\n<strong>Contenido:</strong>\n<ul>\n 	<li><strong>24 sobres de MTG de <em>Jumpstart 2022</em></strong></li>\n 	<li><strong>20 cartas de <em>Magic</em> en cada sobre (incluidas todas las tierras que necesitas para jugar)</strong></li>\n 	<li><strong>1 carta de estilo anime en cada sobre</strong></li>\n 	<li><strong>Un total de entre 1 y 2 cartas raras o de una rareza superior en cada sobre</strong></li>\n 	<li><strong>Cada sobre tiene 1 de las 46 posibles temáticas. ¡Mézclalos y haz combinaciones alocadas!</strong></li>\n 	<li><strong>¡Abre 2 sobres, mézclalos y a jugar!</strong></li>\n</ul>\n<strong>Producto en Español</strong>",,,taxable,,1,1,,0,0,1,31,28,3.5,0,,,119990,"Magic, Magic > Sellado",,,https://gamerhouse.cl/wp-content/uploads/2025/06/Sin-titulo-1-1-scaled.png,,,,,,,,,0,,default,right-sidebar,157,no,
37316,simple,,,"MTG Commander Legends: Battle for Baldur’s Gate Sobre display - 24un- Español",1,0,visible,,"<div class=""container-fluid"">\n<div class=""row main-content-wrap"">\n<div class=""main-content col-lg-6"">\n<div id=""primary"" class=""content-area"">\n\n&nbsp;\n<div id=""product-12420"" class=""product type-product post-12420 status-publish first instock product_cat-juegos-de-cartas product_cat-magic-the-gathering product_cat-ofertas product_tag-superofertas has-post-thumbnail sale taxable shipping-taxable purchasable product-type-simple product-layout-default"">\n<div id=""product-tab"" class=""woocommerce-tabs woocommerce-tabs-plm05ms8 resp-htabs"">\n<div class=""resp-tabs-container"">\n<div id=""tab-description"" class=""tab-content resp-tab-content resp-tab-content-active"" aria-labelledby=""tab_item-0"">\n<h2>Caja de sobres de Draft de Leyendas de Commander: Batalla por Puerta de Baldur, de Magic: The Gathering | 24 sobres (480 cartas de Magic)</h2>\nJuega un draft y crea tu mazo de Commander en el mundo de Dungeons &amp; Dragons. La caja de sobres de Draft de Leyendas de Commander: Batalla por Puerta de Baldur contiene 24 sobres de Draft de Leyendas de Commander: Batalla por Puerta de Baldur. Cada sobre de Draft contiene 20 cartas de Magic y 1 ficha o carta publicitaria, con una combinación de entre 1 y 4 cartas raras o de una rareza superior (2: 37 %; 3: 6 %; 4: &lt;1 %), entre 3 y 6 cartas poco comunes y entre 13 y 15 cartas comunes. 1 carta de cualquier rareza es foil tradicional. Hay un planeswalker mítico foil tradicional sin borde en menos del 1 % de los sobres.\n\n</div>\n</div>\n</div>\n</div>\n&nbsp;\n\n</div>\n</div>\n<div class=""col-lg-3 sidebar porto-woo-product-sidebar left-sidebar"">\n<div class=""sidebar-content""><aside id=""block-7"" class=""widget widget_block widget_text"">.</aside></div>\n</div>\n<div class=""col-lg-3 sidebar porto-blog-sidebar right-sidebar"">\n<div class=""sidebar-content""><aside id=""block-4"" class=""widget widget_block"">\n<div class=""wp-block-group"">\n<div class=""wp-block-group__inner-container is-layout-flow wp-block-group-is-layout-flow""></div>\n</div>\n</aside><aside id=""block-5"" class=""widget widget_block"">\n<div class=""wp-block-group"">\n<div class=""wp-block-group__inner-container is-layout-flow wp-block-group-is-layout-flow""></div>\n</div>\n</aside><aside id=""block-6"" class=""widget widget_block"">\n<div class=""wp-block-group"">\n<div class=""wp-block-group__inner-container is-layout-flow wp-block-group-is-layout-flow""></div>\n</div>\n</aside></div>\n</div>\n</div>\n</div>\n<div class=""related products"">\n<div class=""container-fluid""></div>\n</div>",,,taxable,,1,1,,0,0,1,20,10,10,0,,,139990,"Magic, Magic > Sellado",,,https://gamerhouse.cl/wp-content/uploads/2025/06/clbaldur-draft-es-600x600-1.png,,,,,,,,,0,,default,right-sidebar,143,no,2025-06-30
37334,simple,,,"MTG - Aetherdrift Play Booster - Sobre en Inglés",1,0,visible,,"<h4>• SOLO ES UNA CARRERA DE LA MUERTE SI MUERES: abróchate el cinturón y prepárate para una mortífera carrera por el Multiverso hasta las cejas de emociones, adrenalina y jugadas mágicas</h4>\n• LOS MEJORES SOBRES PARA JUGAR CON AMIGOS: los sobres de juego son la mejor forma de descubrir lo que Magic: The Gathering te ofrece; son perfectos para construir mazos o jugar a Limitado con tus amigos y resultan muy divertidos de abrir\n• 2 CARTAS ESPECIALES FOIL: como premio tentador para una competición por todo lo alto, en cada caja de sobres conseguirás 2 cartas especiales que resplandecen con un nuevo tratamiento foil\n• PUEDEN CONTENER VARIAS CARTAS RARAS: cada sobre de juego incluye entre 1 y 4 cartas raras o de una rareza superior y también ofrece la posibilidad de conseguir una carta rara mítica de Invitados especiales de la historia de Magic con una ilustración nueva y sin borde\n• UNA FOIL BRILLANTE EN CADA SOBRE: todos los sobres también contienen al menos 1 carta foil tradicional resplandeciente de cualquier rareza; además, en el 20 % de ellos también encontrarás una carta de tierra foil tradicional\n• PUEDEN INCLUIR CARTAS DE ARTE: los sobres de juego son los únicos que pueden contener cartas de arte que destacan ilustraciones de Aetherdrift, que incluso pueden tener una firma foil del artista.",,,taxable,,1,10,,0,0,0.1,12,5,12,0,,,6990,"Magic, Magic > Sellado",,,https://gamerhouse.cl/wp-content/uploads/2025/07/ewdwe-scaled.png,,,,,,,,,0,,default,right-sidebar,154,no,
37342,simple,,,"MTG - Final Fantasy Commander Deck/Collector`s Edition - Revival Trance (Inglés)",1,0,visible,,"🎺✨ ¡Fanfarra de la victoria!<br data-start=""33"" data-end=""36"" />Prepárate para una aventura épica: lanza hechizos legendarios, viaja a lomos de un Chocobo 🐤 y explora lugares clásicos con cartas temáticas de FINAL FANTASY dentro del universo de Magic: The Gathering 🎮🧙‍♂️\n\n📦 Este producto incluye:\n\n🃏 1 mazo de 100 cartas de Magic con tratamiento surge foil, ¡listo para jugar!<br data-start=""371"" data-end=""374"" />📦 1 sobre de coleccionista con 2 cartas de muestra<br data-start=""425"" data-end=""428"" />🆕 25 cartas nuevas de Magic incluidas en el mazo<br data-start=""477"" data-end=""480"" />🪙 Cartas token para tus partidas<br data-start=""515"" data-end=""518"" />📁 1 caja guardamazo (para 100 cartas con protectores)<br data-start=""572"" data-end=""575"" />📄 1 hoja de estrategia<br data-start=""598"" data-end=""601"" />📝 1 tarjeta de referencia",,,taxable,,1,1,,0,0,0.5,20,10,10,0,,174990,189990,"Magic, Magic > Sellado",,,https://gamerhouse.cl/wp-content/uploads/2025/07/magic-1.jpg,,,,,,,,,0,,default,right-sidebar,195,no,
37344,simple,,,"MTG - Final Fantasy Starter Kit (Inglés)",1,0,visible,,"¡Toda la saga FINAL FANTASY está aquí!  <br data-start=""166"" data-end=""169"" />Prepárate para sumergirte en los mundos mágicos de las 16 entregas principales de esta icónica serie de RPG.  <br data-start=""285"" data-end=""288"" />Lanza hechizos poderosos 💫, lucha junto a invocaciones clásicas 🐉 y recorre tus lugares favoritos a lomos de un chocobo  <br data-start=""419"" data-end=""422"" />¡La nostalgia y la épica se unen para que escribas tu propia historia con cartas!\n\n🌟 ¿Quieres jugar con Cloud, campeón del planeta, o con Sefirot, heredero del planeta? <br data-start=""610"" data-end=""613"" />Entonces el Starter Kit de FINAL FANTASY x Magic: The Gathering es perfecto para ti.<br data-start=""701"" data-end=""704"" />Ideal para principiantes, trae dos mazos listos para jugar y toneladas de momentos inolvidables.\n\n📦 Contenido del Starter Kit:<br data-start=""844"" data-end=""847"" />🃏 2 mazos de 60 cartas de Magic listos para jugar<br data-start=""897"" data-end=""900"" />🌈 2 cartas raras míticas foil tradicionales (1 en cada mazo)<br data-start=""961"" data-end=""964"" />💻 2 tarjetas con código para MTG Arena (solo en ciertas regiones)<br data-start=""1030"" data-end=""1033"" />📦 2 cajas guardamazo<br data-start=""1054"" data-end=""1057"" data-is-only-node="""" />📘 2 tarjetas de referencia<br data-start=""1084"" data-end=""1087"" />📖 1 folleto con reglas de juego",,,taxable,,1,8,,0,0,0.5,15,10,5,0,,29990,34990,"Magic, Magic > Sellado",,,https://gamerhouse.cl/wp-content/uploads/2025/07/magic-2.jpg,,,,,,,,,0,,default,right-sidebar,129,no,
37347,simple,,,"MTG - Final Fantasy Starter Kit ESPAÑOL",1,0,visible,,"¡Toda la saga FINAL FANTASY está aquí!  <br data-start=""166"" data-end=""169"" />Prepárate para sumergirte en los mundos mágicos de las 16 entregas principales de esta icónica serie de RPG.  <br data-start=""285"" data-end=""288"" />Lanza hechizos poderosos 💫, lucha junto a invocaciones clásicas 🐉 y recorre tus lugares favoritos a lomos de un chocobo  <br data-start=""419"" data-end=""422"" />¡La nostalgia y la épica se unen para que escribas tu propia historia con cartas!\n\n🌟 ¿Quieres jugar con Cloud, campeón del planeta, o con Sefirot, heredero del planeta? <br data-start=""610"" data-end=""613"" />Entonces el Starter Kit de FINAL FANTASY x Magic: The Gathering es perfecto para ti.<br data-start=""701"" data-end=""704"" />Ideal para principiantes, trae dos mazos listos para jugar y toneladas de momentos inolvidables.\n\n📦 Contenido del Starter Kit:<br data-start=""844"" data-end=""847"" />🃏 2 mazos de 60 cartas de Magic listos para jugar<br data-start=""897"" data-end=""900"" />🌈 2 cartas raras míticas foil tradicionales (1 en cada mazo)<br data-start=""961"" data-end=""964"" />💻 2 tarjetas con código para MTG Arena (solo en ciertas regiones)<br data-start=""1030"" data-end=""1033"" />📦 2 cajas guardamazo<br data-start=""1054"" data-end=""1057"" data-is-only-node="""" />📘 2 tarjetas de referencia<br data-start=""1084"" data-end=""1087"" />📖 1 folleto con reglas de juego",,,taxable,,0,0,,0,0,0.5,15,10,5,0,,24990,29990,"Magic, Magic > Sellado",,,https://gamerhouse.cl/wp-content/uploads/2025/07/magic-2.jpg,,,,,,,,,0,,default,right-sidebar,192,no,
37354,simple,,,"SWU Twilight of the Republic – Booster Box (ing)",1,0,visible,,"Cada sobre de ampliación de 16 cartas contiene una carta de líder, una base, nueve cartas comunes, tres cartas infrecuentes, una carta rara o legendaria y una carta <i>premium foil</i>.\n\nContenido:\n<ul>\n 	<li>24 sobres</li>\n</ul>",,,taxable,,1,2,,0,0,1,20,20,10,0,,79990,95990,Singles,,,"https://gamerhouse.cl/wp-content/uploads/2025/07/star-wars-3.jpg, https://gamerhouse.cl/wp-content/uploads/2025/07/star-wars-1.jpg, https://gamerhouse.cl/wp-content/uploads/2025/07/star-wars-2.jpg",,,,,,,,,0,,default,right-sidebar,127,no,
37360,simple,,,"Pokemon Tcg Binder Collection Prismatic Evolutions Español Poster Collection",1,0,visible,,"Colección de cartas Pokémon TCG Prismatic Evolutions, diseñada para los entusiastas de todas las edades. Este producto incluye un total de 50 cartas, cada una foliada y con un acabado holográfico que resalta su belleza y rareza. Ideal para jugadores a partir de 6 años, este conjunto es perfecto para disfrutar de emocionantes batallas en pareja, fomentando la estrategia y la diversión.\n\nLa edición Prismatic Evolutions ofrece una experiencia única, combinando la nostalgia de los clásicos con un diseño moderno y atractivo. Cada carta ha sido cuidadosamente seleccionada para garantizar que tu colección sea tanto impresionante como competitiva. Con un total de 51 elementos, este producto es una excelente adición para cualquier coleccionista o jugador que busque mejorar su mazo.\n\nAdemás, la calidad de las cartas asegura que se mantendrán en óptimas condiciones durante mucho tiempo, permitiendo que cada partida sea memorable. Ya sea que estés comenzando tu aventura en el mundo de Pokémon o buscando expandir tu colección, este conjunto es una opción que no puedes dejar pasar.",,,taxable,,1,10,,0,0,1,20,20,10,0,,39990,49990,"Pokemon TCG, Pokemon TCG > Special Collection",,,https://gamerhouse.cl/wp-content/uploads/2025/03/binder-prismatic.jpg,,,,,,,,,0,,default,right-sidebar,493,no,
37361,simple,,,"Scarlet &amp; Violet Prismatic Evolutions - Poster Collection ESPAÑOL",1,0,visible,,"¡Eevee y sus amigos brillan con colores Astrales!\n\nEevee y sus múltiples Evoluciones, que van desde la suavidad ardiente hasta la elegancia gélida, ocupan un lugar muy especial en los corazones de todos los Entrenadores Pokémon. Descubre sus nuevos y extraordinarios poderes como Pokémon ex Teracristal Astrales y encuentra tu propio tesoro entre la enorme lista de Pokémon ex llegados de Paldea y más allá. ¡Relucientes cristales y diseños ocultos te esperan al final del arcoíris en la expansión\nEscarlata y Púrpura-Evoluciones Prismáticas de JCC Pokémon!\n\nLa colección de poster de Evoluciones Prismáticas incluye:\n<ul>\n 	<li>3 cartas promo holo de Flareon, Vaporeon y Jolteon</li>\n 	<li>1 poster de 27 ilustraciones de cartasde Eevee y sus evoluciones</li>\n 	<li>3 sobres de la expansión Evoluciones Prismáticas</li>\n 	<li>1 código para Pokémon TCG Live</li>\n</ul>",,,taxable,,1,10,,0,0,1,20,20,10,0,,24990,49990,"Pokemon TCG, Pokemon TCG > Special Collection",,,https://gamerhouse.cl/wp-content/uploads/2025/07/proyecto-nuevo-2025-01-03t114714628-7a510f60-eea7-4b12-bb34-9036b8e84e0a.jpg,,,,,,,,,0,,default,right-sidebar,473,no,
37363,simple,,,"Pokemon Tcg Booster Box Surging Sparks 36 Sobres Español",1,0,visible,,"Sumérgete en el emocionante mundo de Pokémon con la caja de sobres Surging Sparks en español. Este producto incluye 36 sobres, lo que te brinda un total de 360 cartas para expandir tu colección y mejorar tus estrategias de juego. Diseñado para jugadores a partir de 6 años, es perfecto para disfrutar en pareja, fomentando la interacción y la diversión en cada partida.\n\nLas cartas de esta edición son foliada y holográfica, lo que añade un toque especial a tu colección. Con una variedad de cartas que incluyen poderosos Pokémon y emocionantes habilidades, cada sobre es una nueva oportunidad para descubrir sorpresas y fortalecer tu mazo. Ideal para coleccionistas y jugadores por igual, Surging Sparks promete horas de entretenimiento y emoción.\n\nNo importa si eres un jugador experimentado o un principiante, esta caja de sobres es una excelente manera de adentrarte en el universo Pokémon. Con cada carta, podrás crear estrategias únicas y disfrutar de la competencia amistosa. Aumenta tu colección y vive la experiencia de Pokémon TCG con Surging Sparks.",,,taxable,,1,1,,0,0,2,20,10,10,0,,184990,199990,"Pokemon TCG",,,https://gamerhouse.cl/wp-content/uploads/2025/07/BOOSTER-BOX-SURGIN.jpg,,,,,,,,,0,,default,right-sidebar,152,no,
37441,simple,,,"Ingles Pokemon SV: Black Bolt &amp; White Flare Mini Tin (unidad)",1,0,visible,,"Celebra la región de Unova con estilo. La <strong>Pokémon Unova Mini Tin</strong> presenta a dos de los Pokémon más emblemáticos de la quinta generación: <strong>Zekrom </strong>y <strong>Reshiram</strong>. Estos legendarios lideran la expansión <em>Fulgor Negro</em> y <em>Llama Blanca</em>, un homenaje completo a los 156 Pokémon originales de Unova.\n\n<strong>Diseño Exclusivo</strong>\n\nCada lata cuenta con ilustraciones vibrantes de Zekrom y Reshiram, capturando la esencia de la región de Unova. Además, al abrirla, encontrarás un fondo desplegable con una imagen panorámica de la región, perfecta para exhibir.\n\n<strong>Contenido del Paquete</strong>\n<ul data-end=""905"" data-start=""711"">\n 	<li data-start=""489"" data-end=""552""> 1 sobre de refuerzo <em data-start=""514"" data-end=""550"">Escarlata y Púrpura – Fulgor Negro</em></li>\n 	<li data-start=""553"" data-end=""616""> 1 sobre de refuerzo <em data-start=""578"" data-end=""614"">Escarlata y Púrpura – Llama Blanca</em></li>\n 	<li data-start=""617"" data-end=""676""> 1 carta adhesiva exclusiva con el arte de la minilata</li>\n 	<li data-start=""677"" data-end=""782""> 1 tarjeta ilustrada con diseño de colección (¡hay 8 distintas para juntar y unir en un gran mural!</li>\n</ul>\n<strong>Colecciona y Juega</strong>\n\nEsta lata no solo es un artículo de colección, sino también una excelente manera de comenzar o expandir tu mazo. Con cartas holográficas espejo y nuevas mecánicas como los Pokémon ex, es una oportunidad única tanto para jugadores como para coleccionistas.\n\nNo te pierdas la oportunidad de tener en tus manos esta pieza esencial para todo fan de Pokémon. Hazte con tu <strong>Pokémon: Black Bolt &amp; White Flare Unova Mini Tin</strong> y revive la magia de Unova.",,,taxable,,1,8,,0,0,0.5,10,10,5,0,,,14990,"Pokemon TCG, Pokemon TCG > Tin Y Mini Tins",,,"https://gamerhouse.cl/wp-content/uploads/2025/07/mini-tin-blanco.jpg, https://gamerhouse.cl/wp-content/uploads/2025/07/mini-tin-blanco-2.jpg",,,,,,,,,0,,default,right-sidebar,87,no,
37444,simple,,,"Español Pokemon SV: Black Bolt &amp; White Flare Mini Tin (unidad)",1,0,visible,,"Celebra la región de Unova con estilo. La <strong>Pokémon Unova Mini Tin</strong> presenta a dos de los Pokémon más emblemáticos de la quinta generación: <strong>Zekrom </strong>y <strong>Reshiram</strong>. Estos legendarios lideran la expansión <em>Fulgor Negro</em> y <em>Llama Blanca</em>, un homenaje completo a los 156 Pokémon originales de Unova.\n\n<strong>Diseño Exclusivo</strong>\n\nCada lata cuenta con ilustraciones vibrantes de Zekrom y Reshiram, capturando la esencia de la región de Unova. Además, al abrirla, encontrarás un fondo desplegable con una imagen panorámica de la región, perfecta para exhibir.\n\n<strong>Contenido del Paquete</strong>\n<ul data-end=""905"" data-start=""711"">\n 	<li data-start=""489"" data-end=""552""> 1 sobre de refuerzo <em data-start=""514"" data-end=""550"">Escarlata y Púrpura – Fulgor Negro</em></li>\n 	<li data-start=""553"" data-end=""616""> 1 sobre de refuerzo <em data-start=""578"" data-end=""614"">Escarlata y Púrpura – Llama Blanca</em></li>\n 	<li data-start=""617"" data-end=""676""> 1 carta adhesiva exclusiva con el arte de la minilata</li>\n 	<li data-start=""677"" data-end=""782""> 1 tarjeta ilustrada con diseño de colección (¡hay 8 distintas para juntar y unir en un gran mural!</li>\n</ul>\n<strong>Colecciona y Juega</strong>\n\nEsta lata no solo es un artículo de colección, sino también una excelente manera de comenzar o expandir tu mazo. Con cartas holográficas espejo y nuevas mecánicas como los Pokémon ex, es una oportunidad única tanto para jugadores como para coleccionistas.\n\nNo te pierdas la oportunidad de tener en tus manos esta pieza esencial para todo fan de Pokémon. Hazte con tu <strong>Pokémon: Black Bolt &amp; White Flare Unova Mini Tin</strong> y revive la magia de Unova.",,,taxable,,1,7,,0,0,0.5,10,10,5,0,,,12990,"Pokemon TCG, Pokemon TCG > Tin Y Mini Tins",,,"https://gamerhouse.cl/wp-content/uploads/2025/07/mini-tin-blanco.jpg, https://gamerhouse.cl/wp-content/uploads/2025/07/mini-tin-blanco-2.jpg",,,,,,,,,0,,default,right-sidebar,129,no,
37446,simple,,,"Black Bolt &amp; White Flare – Poster Collection - Español",1,0,visible,,"¡Con 156 Pokémon por descubrir, Unova es una región repleta de oportunidades para los Entrenadores Pokémon! Completa tu Pokédex regional con cartas promo holográficas de los primeros compañeros, Snivy, Tepig y Oshawott, y encuentra más Pokémon de Unova en los sobres de refuerzo incluidos de las expansiones especiales Escarlata y Púrpura-Fulgor Negro y Escarlata y Púrpura-Llama Blanca. También conseguirás 1 póster reversible para celebrar la llegada de ambas expansiones.\n\nLa Colección con Póster Unova de JCC Pokémon contiene:\n\n3 cartas promo holográficas: Snivy, Tepig y Oshawott\n1 póster reversible de 68.3 cm × 99.1 cm\n2 sobres de refuerzo de Escarlata y Púrpura-Fulgor Negro de JCC Pokémon\n2 sobres de refuerzo de Escarlata y Púrpura-Llama Blanca de JCC Pokémon\n1 carta con código para JCC Pokémon Live",,,taxable,,1,5,,0,0,0.5,20,15,5,0,,,27990,"Pokemon TCG, Pokemon TCG > Premium Collection",,,"https://gamerhouse.cl/wp-content/uploads/2025/07/poster-black.jpg, https://gamerhouse.cl/wp-content/uploads/2025/07/poster-black-2.jpg",,,,,,,,,0,,default,right-sidebar,170,no,
37449,simple,,,"Black Bolt &amp; White Flare – Poster Collection - Ingles",1,0,visible,,"¡Con 156 Pokémon por descubrir, Unova es una región repleta de oportunidades para los Entrenadores Pokémon! Completa tu Pokédex regional con cartas promo holográficas de los primeros compañeros, Snivy, Tepig y Oshawott, y encuentra más Pokémon de Unova en los sobres de refuerzo incluidos de las expansiones especiales Escarlata y Púrpura-Fulgor Negro y Escarlata y Púrpura-Llama Blanca. También conseguirás 1 póster reversible para celebrar la llegada de ambas expansiones.\n\nLa Colección con Póster Unova de JCC Pokémon contiene:\n\n3 cartas promo holográficas: Snivy, Tepig y Oshawott\n1 póster reversible de 68.3 cm × 99.1 cm\n2 sobres de refuerzo de Escarlata y Púrpura-Fulgor Negro de JCC Pokémon\n2 sobres de refuerzo de Escarlata y Púrpura-Llama Blanca de JCC Pokémon\n1 carta con código para JCC Pokémon Live",,,taxable,,1,5,,0,0,0.5,20,15,5,0,,,29990,"Pokemon TCG, Pokemon TCG > Premium Collection",,,"https://gamerhouse.cl/wp-content/uploads/2025/07/poster-black.jpg, https://gamerhouse.cl/wp-content/uploads/2025/07/poster-black-2.jpg",,,,,,,,,0,,default,right-sidebar,150,no,
37477,simple,,,"MTG Collector Booster Display Marvel’s Spider-Man Inglés PREVENTA",1,0,visible,,"<div class=""elementor-element elementor-element-ce05bd9 wd-single-short-desc text-left elementor-widget elementor-widget-wd_single_product_short_description"" data-id=""ce05bd9"" data-element_type=""widget"" data-widget_type=""wd_single_product_short_description.default"">\n<div class=""elementor-widget-container"">\n<div class=""woocommerce-product-details__short-description"">\n\nENTREGAS A PARTIR DEL 26 DE SEPTIEMBRE\n\n¡Spider-Man se une a Magic: The Gathering en esta espectacular <strong data-start=""578"" data-end=""603"">Collector Booster Box</strong> llena de acción, arte sin borde y tratamientos foil únicos! La <strong data-start=""667"" data-end=""730"">MTG Collector Booster Display: Marvel’s Spider-Man (Inglés)</strong> es perfecta para coleccionistas y fans del trepamuros que quieren lo mejor de lo mejor.\n\n</div>\n</div>\n</div>\n<div class=""elementor-element elementor-element-7955ff3 wd-single-content elementor-widget elementor-widget-wd_single_product_content"" data-id=""7955ff3"" data-element_type=""widget"" data-widget_type=""wd_single_product_content.default"">\n<div class=""elementor-widget-container"">\n<p data-start=""820"" data-end=""1021"">Prepárate para abrir sobres repletos de héroes, villanos y escenas sacadas directamente del cómic, con posibilidad de encontrar la <strong data-start=""951"" data-end=""979"">carta estrella principal</strong>, una de las más buscadas de la colección.</p>\n\n<h4 data-start=""1023"" data-end=""1053"">Contenido de la caja:</h4>\n<p data-start=""1056"" data-end=""1101""><strong data-start=""1056"" data-end=""1086"">12 sobres de coleccionista</strong>, cada uno con:</p>\n<p data-start=""1106"" data-end=""1144""><strong data-start=""1106"" data-end=""1143"">15 cartas de Magic: The Gathering</strong>.</p>\n<p data-start=""1149"" data-end=""1193""><strong data-start=""1149"" data-end=""1192"">Entre 11 y 13 cartas foil tradicionales</strong>.</p>\n<p data-start=""1198"" data-end=""1242""><strong data-start=""1198"" data-end=""1241"">5 cartas raras o de una rareza superior</strong>.</p>\n<p data-start=""1247"" data-end=""1273""><strong data-start=""1247"" data-end=""1272"">4 cartas poco comunes</strong>.</p>\n<p data-start=""1278"" data-end=""1299""><strong data-start=""1278"" data-end=""1298"">5 cartas comunes</strong>.</p>\n<p data-start=""1304"" data-end=""1336""><strong data-start=""1304"" data-end=""1335"">1 carta de tierra sin borde</strong>.</p>\n<p data-start=""1339"" data-end=""1402"">Posibilidad de obtener cartas de las series <strong data-start=""1383"" data-end=""1401"">SPM, SPE y MAR</strong>.</p>\n<p data-start=""1405"" data-end=""1487"">Menos del <strong data-start=""1415"" data-end=""1436"">1 % de los sobres</strong> incluye una <strong data-start=""1449"" data-end=""1486"">rara mítica de estrella principal</strong>.</p>\n<p data-start=""1489"" data-end=""1582"">¡No dejes pasar esta oportunidad de balancearte hacia el brillo coleccionista del multiverso!</p>\n\n</div>\n</div>",,,taxable,,1,1,,0,0,2,20,20,10,0,,,599980,"Magic, Magic > Preventa Magic",,,https://gamerhouse.cl/wp-content/uploads/2025/08/spiderman-collector-boosters.jpg,,,,,,,,,0,,default,right-sidebar,112,no,
37479,simple,,,"MTG Collector Booster Pack Marvel’s Spider-Man Inglés PREVENTA",1,0,visible,,"<div class=""elementor-element elementor-element-ce05bd9 wd-single-short-desc text-left elementor-widget elementor-widget-wd_single_product_short_description"" data-id=""ce05bd9"" data-element_type=""widget"" data-widget_type=""wd_single_product_short_description.default"">\n<div class=""elementor-widget-container"">\n<div class=""woocommerce-product-details__short-description"">\n\nENTREGAS A PARTIR DEL 26 DE SEPTIEMBRE\n\n¡Spider-Man se une a Magic: The Gathering en esta espectacular <strong data-start=""578"" data-end=""603"">Collector Booster Pack</strong> llena de acción, arte sin borde y tratamientos foil únicos! La <strong data-start=""667"" data-end=""730"">MTG Collector Booster Pack: Marvel’s Spider-Man (Inglés)</strong> es perfecta para coleccionistas y fans del trepamuros que quieren lo mejor de lo mejor.\n\n</div>\n</div>\n</div>\n<div class=""elementor-element elementor-element-7955ff3 wd-single-content elementor-widget elementor-widget-wd_single_product_content"" data-id=""7955ff3"" data-element_type=""widget"" data-widget_type=""wd_single_product_content.default"">\n<div class=""elementor-widget-container"">\n<p data-start=""820"" data-end=""1021"">Prepárate para abrir sobres repletos de héroes, villanos y escenas sacadas directamente del cómic, con posibilidad de encontrar la <strong data-start=""951"" data-end=""979"">carta estrella principal</strong>, una de las más buscadas de la colección.</p>\n\n<h4 data-start=""1023"" data-end=""1053"">Contenido del sobre:</h4>\n<h4 data-start=""1023"" data-end=""1053""><strong data-start=""1106"" data-end=""1143"">15 cartas de Magic: The Gathering</strong>.</h4>\n<p data-start=""1149"" data-end=""1193""><strong data-start=""1149"" data-end=""1192"">Entre 11 y 13 cartas foil tradicionales</strong>.</p>\n<p data-start=""1198"" data-end=""1242""><strong data-start=""1198"" data-end=""1241"">5 cartas raras o de una rareza superior</strong>.</p>\n<p data-start=""1247"" data-end=""1273""><strong data-start=""1247"" data-end=""1272"">4 cartas poco comunes</strong>.</p>\n<p data-start=""1278"" data-end=""1299""><strong data-start=""1278"" data-end=""1298"">5 cartas comunes</strong>.</p>\n<p data-start=""1304"" data-end=""1336""><strong data-start=""1304"" data-end=""1335"">1 carta de tierra sin borde</strong>.</p>\n<p data-start=""1339"" data-end=""1402"">Posibilidad de obtener cartas de las series <strong data-start=""1383"" data-end=""1401"">SPM, SPE y MAR</strong>.</p>\n<p data-start=""1405"" data-end=""1487"">Menos del <strong data-start=""1415"" data-end=""1436"">1 % de los sobres</strong> incluye una <strong data-start=""1449"" data-end=""1486"">rara mítica de estrella principal</strong>.</p>\n<p data-start=""1489"" data-end=""1582"">¡No dejes pasar esta oportunidad de balancearte hacia el brillo coleccionista del multiverso!</p>\n\n</div>\n</div>",,,taxable,,1,12,,0,0,0.5,10,10,10,0,,,49990,"Magic, Magic > Preventa Magic",,,https://gamerhouse.cl/wp-content/uploads/2025/08/sobre-spiderman.jpg,,,,,,,,,0,,default,right-sidebar,126,no,
37481,simple,,,"MTG Playbooster Display Marvel’s Spider-Man Español PREVENTA",1,0,visible,,"<div class=""elementor-element elementor-element-ce05bd9 wd-single-short-desc text-left elementor-widget elementor-widget-wd_single_product_short_description"" data-id=""ce05bd9"" data-element_type=""widget"" data-widget_type=""wd_single_product_short_description.default"">\n<div class=""elementor-widget-container"">\n<div class=""woocommerce-product-details__short-description"">\n<div class=""elementor-element elementor-element-ce05bd9 wd-single-short-desc text-left elementor-widget elementor-widget-wd_single_product_short_description"" data-id=""ce05bd9"" data-element_type=""widget"" data-widget_type=""wd_single_product_short_description.default"">\n<div class=""elementor-widget-container"">\n<div class=""woocommerce-product-details__short-description"">\n\nENTREGAS A PARTIR DEL 26 DE SEPTIEMBRE\n\n¡Tu sentido arácnido no se equivoca! El <strong data-start=""529"" data-end=""578"">Playbooster Display Marvel’s Spider-Man (Inglés)</strong> de <strong data-start=""582"" data-end=""606"">Magic: The Gathering</strong> es la forma ideal de unirte al universo del trepamuros y vivir partidas llenas de acción, héroes y villanos sacados directo de los cómics.\n\n</div>\n</div>\n</div>\n<div class=""elementor-element elementor-element-7955ff3 wd-single-content elementor-widget elementor-widget-wd_single_product_content"" data-id=""7955ff3"" data-element_type=""widget"" data-widget_type=""wd_single_product_content.default"">\n<div class=""elementor-widget-container"">\n<p data-start=""747"" data-end=""910"">Con cartas foil, raras y arte sin borde, este sobre es perfecto para jugadores que buscan estrategia y coleccionistas que quieren destacar su colección con estilo.</p>\n\n<h4 data-start=""912"" data-end=""941"">Contenido: 30 sobres, cada sobre contiene:</h4>\n<p data-start=""944"" data-end=""982""><strong data-start=""944"" data-end=""981"">14 cartas de Magic: The Gathering</strong>.</p>\n<p data-start=""985"" data-end=""1042"">Cartas posibles del set <strong data-start=""1009"" data-end=""1024"">SPM (1-231)</strong> y <strong data-start=""1027"" data-end=""1041"">MAR (1-40)</strong>.</p>\n<p data-start=""1045"" data-end=""1053"">Incluye:</p>\n<p data-start=""1058"" data-end=""1138""><strong data-start=""1058"" data-end=""1104"">Entre 1 y 4 cartas raras o de mayor rareza</strong> (2 en 31 %, 3 en 3 %, 4 en &lt;1 %).</p>\n<p data-start=""1143"" data-end=""1179""><strong data-start=""1143"" data-end=""1178"">Entre 3 y 5 cartas poco comunes</strong>.</p>\n<p data-start=""1184"" data-end=""1215""><strong data-start=""1184"" data-end=""1214"">Entre 6 y 9 cartas comunes</strong>.</p>\n<p data-start=""1220"" data-end=""1259""><strong data-start=""1220"" data-end=""1241"">1 carta de tierra</strong> (puede ser foil).</p>\n<p data-start=""1262"" data-end=""1323""><strong data-start=""1262"" data-end=""1290"">1 carta foil tradicional</strong> de cualquier rareza garantizada.</p>\n<p data-start=""1326"" data-end=""1405"">Posibilidad de obtener una <strong data-start=""1353"" data-end=""1383"">rara mítica resaltada foil</strong> (&lt;1 % de los sobres).</p>\n<p data-start=""1408"" data-end=""1471""><strong data-start=""1408"" data-end=""1430"">20 % de los sobres</strong> incluye una <strong data-start=""1443"" data-end=""1470"">tierra foil tradicional</strong>.</p>\n<p data-start=""1473"" data-end=""1541"">¡Perfecto para añadir poder y estilo arácnido a tu mazo o colección!</p>\n\n</div>\n</div>\n</div>\n</div>\n</div>",,,taxable,,1,2,,0,0,2,20,10,10,0,,,269990,"Magic, Magic > Preventa Magic",,,https://gamerhouse.cl/wp-content/uploads/2025/08/spidy-1.jpg,,,,,,,,,0,,default,right-sidebar,80,no,
37484,simple,,,"MTG Playbooster Pack Marvel’s Spider-Man ESPAÑOL PREVENTA",1,0,visible,,"<div class=""elementor-element elementor-element-ce05bd9 wd-single-short-desc text-left elementor-widget elementor-widget-wd_single_product_short_description"" data-id=""ce05bd9"" data-element_type=""widget"" data-widget_type=""wd_single_product_short_description.default"">\n<div class=""elementor-widget-container"">\n<div class=""woocommerce-product-details__short-description"">\n<div class=""elementor-element elementor-element-ce05bd9 wd-single-short-desc text-left elementor-widget elementor-widget-wd_single_product_short_description"" data-id=""ce05bd9"" data-element_type=""widget"" data-widget_type=""wd_single_product_short_description.default"">\n<div class=""elementor-widget-container"">\n<div class=""woocommerce-product-details__short-description"">\n<div class=""elementor-element elementor-element-ce05bd9 wd-single-short-desc text-left elementor-widget elementor-widget-wd_single_product_short_description"" data-id=""ce05bd9"" data-element_type=""widget"" data-widget_type=""wd_single_product_short_description.default"">\n<div class=""elementor-widget-container"">\n<div class=""woocommerce-product-details__short-description"">\n\nENTREGAS A PARTIR DEL 26 DE SEPTIEMBRE\n\n¡Tu sentido arácnido no se equivoca! El <strong data-start=""529"" data-end=""578"">Playbooster Pack Marvel’s Spider-Man (Inglés)</strong> de <strong data-start=""582"" data-end=""606"">Magic: The Gathering</strong> es la forma ideal de unirte al universo del trepamuros y vivir partidas llenas de acción, héroes y villanos sacados directo de los cómics.\n\n</div>\n</div>\n</div>\n<div class=""elementor-element elementor-element-7955ff3 wd-single-content elementor-widget elementor-widget-wd_single_product_content"" data-id=""7955ff3"" data-element_type=""widget"" data-widget_type=""wd_single_product_content.default"">\n<div class=""elementor-widget-container"">\n<p data-start=""747"" data-end=""910"">Con cartas foil, raras y arte sin borde, este sobre es perfecto para jugadores que buscan estrategia y coleccionistas que quieren destacar su colección con estilo.</p>\n\n<h4 data-start=""912"" data-end=""941"">Contenido del sobre:</h4>\n<p data-start=""944"" data-end=""982""><strong data-start=""944"" data-end=""981"">14 cartas de Magic: The Gathering</strong>.</p>\n<p data-start=""985"" data-end=""1042"">Cartas posibles del set <strong data-start=""1009"" data-end=""1024"">SPM (1-231)</strong> y <strong data-start=""1027"" data-end=""1041"">MAR (1-40)</strong>.</p>\n<p data-start=""1045"" data-end=""1053"">Incluye:</p>\n<p data-start=""1058"" data-end=""1138""><strong data-start=""1058"" data-end=""1104"">Entre 1 y 4 cartas raras o de mayor rareza</strong> (2 en 31 %, 3 en 3 %, 4 en &lt;1 %).</p>\n<p data-start=""1143"" data-end=""1179""><strong data-start=""1143"" data-end=""1178"">Entre 3 y 5 cartas poco comunes</strong>.</p>\n<p data-start=""1184"" data-end=""1215""><strong data-start=""1184"" data-end=""1214"">Entre 6 y 9 cartas comunes</strong>.</p>\n<p data-start=""1220"" data-end=""1259""><strong data-start=""1220"" data-end=""1241"">1 carta de tierra</strong> (puede ser foil).</p>\n<p data-start=""1262"" data-end=""1323""><strong data-start=""1262"" data-end=""1290"">1 carta foil tradicional</strong> de cualquier rareza garantizada.</p>\n<p data-start=""1326"" data-end=""1405"">Posibilidad de obtener una <strong data-start=""1353"" data-end=""1383"">rara mítica resaltada foil</strong> (&lt;1 % de los sobres).</p>\n<p data-start=""1408"" data-end=""1471""><strong data-start=""1408"" data-end=""1430"">20 % de los sobres</strong> incluye una <strong data-start=""1443"" data-end=""1470"">tierra foil tradicional</strong>.</p>\n<p data-start=""1473"" data-end=""1541"">¡Perfecto para añadir poder y estilo arácnido a tu mazo o colección!</p>\n\n</div>\n</div>\n</div>\n</div>\n</div>\n</div>\n</div>\n</div>",,,taxable,,1,12,,0,0,0.5,20,10,10,0,,,9990,"Magic, Magic > Preventa Magic",,,https://gamerhouse.cl/wp-content/uploads/2025/08/spidy-2.jpg,,,,,,,,,0,,default,right-sidebar,95,no,
37493,simple,,,"Mega Evolution - Booster Box - Ingles",1,0,visible,,"¡Megaevoluciona tu estrategia y alcanza el máximo poder en tus combates Pokémon! La <strong>caja Pokémon TCG Mega Evolution Booster Pack (36 sobres)</strong> en inglés es el producto perfecto para entrenadores que buscan potencia explosiva y cartas memorables. Con más de <strong>180 cartas</strong>, esta expansión del <strong>Juego de Cartas Coleccionables Pokémon</strong> presenta a los impresionantes <strong>Pokémon ex Megaevolución</strong>, como <strong>Mega-Lucario ex</strong> y <strong>Mega-Gardevoir ex</strong>, con ataques devastadores y PS colosales.\n\nCada sobre de la expansión <strong>Mega Evolution</strong> puede contener cartas de Entrenador estratégicas, nuevas ilustraciones especiales y Pokémon ex que llevarán tus duelos a otro nivel. ¡Pero cuidado! Un gran poder conlleva grandes riesgos, y tendrás que elegir sabiamente a tus aliados para dominar el campo de batalla.\n\n🔹 <strong>Incluye:</strong>\n<ul>\n 	<li>36 sobres en inglés</li>\n 	<li>Más de 180 cartas en total</li>\n 	<li>Casi una docena de Pokémon ex Megaevolución</li>\n 	<li>Más de 15 cartas de Entrenador</li>\n 	<li>Más de 50 cartas con ilustraciones especiales</li>\n</ul>\nIdeal para jugadores competitivos, coleccionistas y fanáticos de las <strong>megavoluciones Pokémon</strong>, esta caja te garantiza horas de emoción y estrategia. ¡Haz crecer tu colección con la expansión más poderosa hasta ahora!\n\nENTREGAS A PARTIR DEL 26 DE SEPTIEMBRE",,,taxable,,0,0,,0,0,1.5,20,10,10,0,,194990,219990,"Pokemon TCG, Pokemon TCG > Preventa",,,https://gamerhouse.cl/wp-content/uploads/2025/08/mega-booster.jpg,,,,,,,,,0,,default,right-sidebar,162,no,
37495,simple,,,"Mega Evolution - Booster Box - ESPAÑOL",1,0,visible,,"¡Megaevoluciona tu estrategia y alcanza el máximo poder en tus combates Pokémon! La <strong>caja Pokémon TCG Mega Evolution Booster Pack (36 sobres)</strong> en español es el producto perfecto para entrenadores que buscan potencia explosiva y cartas memorables. Con más de <strong>180 cartas</strong>, esta expansión del <strong>Juego de Cartas Coleccionables Pokémon</strong> presenta a los impresionantes <strong>Pokémon ex Megaevolución</strong>, como <strong>Mega-Lucario ex</strong> y <strong>Mega-Gardevoir ex</strong>, con ataques devastadores y PS colosales.\n\nCada sobre de la expansión <strong>Mega Evolution</strong> puede contener cartas de Entrenador estratégicas, nuevas ilustraciones especiales y Pokémon ex que llevarán tus duelos a otro nivel. ¡Pero cuidado! Un gran poder conlleva grandes riesgos, y tendrás que elegir sabiamente a tus aliados para dominar el campo de batalla.\n\n🔹 <strong>Incluye:</strong>\n<ul>\n 	<li>36 sobres en inglés</li>\n 	<li>Más de 180 cartas en total</li>\n 	<li>Casi una docena de Pokémon ex Megaevolución</li>\n 	<li>Más de 15 cartas de Entrenador</li>\n 	<li>Más de 50 cartas con ilustraciones especiales</li>\n</ul>\nIdeal para jugadores competitivos, coleccionistas y fanáticos de las <strong>megavoluciones Pokémon</strong>, esta caja te garantiza horas de emoción y estrategia. ¡Haz crecer tu colección con la expansión más poderosa hasta ahora!\n\nENTREGAS A PARTIR DEL 26 DE SEPTIEMBRE",,,taxable,,0,0,,0,0,1.5,20,10,10,0,,169990,199990,"Pokemon TCG, Pokemon TCG > Preventa",,,https://gamerhouse.cl/wp-content/uploads/2025/08/mega-booster.jpg,,,,,,,,,0,,default,right-sidebar,140,no,
37496,simple,,,"Mega Evolution - Booster Bundle - Ingles",1,0,visible,,"<span dir=""auto"">Prepárate para desatar todo el poder de las Mega Evoluciones con el nuevo </span><strong><span dir=""auto"">Booster Bundle</span></strong><span dir=""auto""> de la expansión </span><em><span dir=""auto"">Mega Evolution</span></em><span dir=""auto""> . Este paquete está diseñado para entrenadores que desean mejorar su mazo o ampliar su colección con múltiples sobres de la última serie.</span>\n\n<strong><span dir=""auto"">Contenido:</span></strong>\n<ul>\n 	<li><span dir=""auto"">6 Booster Packs de la expansión </span><em><span dir=""auto"">Mega Evolución</span></em><span dir=""auto""> .</span></li>\n 	<li><span dir=""auto"">Cada sobre incluye 10 cartas y 1 carta de Energía.</span></li>\n</ul>\n<span dir=""auto"">Ideal para jugadores competitivos y coleccionistas que buscan nuevas cartas de Pokémon ex, Mega Evoluciones y espectaculares ilustraciones raras.</span>\n\n<span dir=""auto"">Este paquete ofrece una excelente relación valor-cantidad y es una forma efectiva de adentrarse en la acción de la nueva generación del juego.</span>\n\n<span dir=""auto"">ENTREGAS A PARTIR DEL 26 DE SEPTIEMBRE</span>",,,taxable,,1,1,,0,0,0.5,10,10,10,0,,34990,36990,"Pokemon TCG, Pokemon TCG > Preventa",,,https://gamerhouse.cl/wp-content/uploads/2025/08/bundle-mega.jpg,,,,,,,,,0,,default,right-sidebar,128,no,
37498,simple,,,"Mega Evolution - Booster Bundle - Español",1,0,visible,,"<span dir=""auto"">Prepárate para desatar todo el poder de las Mega Evoluciones con el nuevo </span><strong><span dir=""auto"">Booster Bundle</span></strong><span dir=""auto""> de la expansión </span><em><span dir=""auto"">Mega Evolution</span></em><span dir=""auto""> . Este paquete está diseñado para entrenadores que desean mejorar su mazo o ampliar su colección con múltiples sobres de la última serie.</span>\n\n<strong><span dir=""auto"">Contenido:</span></strong>\n<ul>\n 	<li><span dir=""auto"">6 Booster Packs de la expansión </span><em><span dir=""auto"">Mega Evolución</span></em><span dir=""auto""> .</span></li>\n 	<li><span dir=""auto"">Cada sobre incluye 10 cartas y 1 carta de Energía.</span></li>\n</ul>\n<span dir=""auto"">Ideal para jugadores competitivos y coleccionistas que buscan nuevas cartas de Pokémon ex, Mega Evoluciones y espectaculares ilustraciones raras.</span>\n\n<span dir=""auto"">Este paquete ofrece una excelente relación valor-cantidad y es una forma efectiva de adentrarse en la acción de la nueva generación del juego.</span>\n\n<span dir=""auto"">ENTREGAS A PARTIR DEL 26 DE SEPTIEMBRE</span>",,,taxable,,1,2,,0,0,0.5,10,10,10,0,,29990,34990,"Pokemon TCG, Pokemon TCG > Preventa",,,https://gamerhouse.cl/wp-content/uploads/2025/08/bundle-mega.jpg,,,,,,,,,0,,default,right-sidebar,127,no,
37499,simple,,,"Mega Evolution - 3 Pack Blister - Español al azar",1,0,visible,,"<strong><span dir=""auto"">Pokémon TCG: Megaevolución – Blíster de 3 </span></strong>\n\n<span dir=""auto"">Descubre el poder de las Mega Evoluciones con este </span><strong><span dir=""auto"">3-Pack Blister</span></strong><span dir=""auto""> de la expansión </span><em><span dir=""auto"">Mega Evolution</span></em><span dir=""auto""> . Perfecto para jugadores que desean ampliar su colección y tener acceso a cartas exclusivas.</span>\n\n<strong><span dir=""auto"">Contenido:</span></strong>\n<ul>\n 	<li><span dir=""auto"">3 sobres de mejora ( </span><em><span dir=""auto"">booster packs</span></em><span dir=""auto""> ) de la expansión </span><em><span dir=""auto"">Mega Evolution</span></em></li>\n 	<li><span dir=""auto"">1 carta promocional holográfica exclusiva</span></li>\n 	<li><span dir=""auto"">1 moneda coleccionable con diseño especial</span></li>\n</ul>\n<span dir=""auto"">Ideal para coleccionistas y entrenadores que buscan cartas poderosas, ilustraciones únicas y un excelente valor de compra en un solo paquete.</span>\n\n<span dir=""auto"">ENTREGAS A PARTIR DEL 26 DE SEPTIEMBRE</span>",,,taxable,,0,0,,0,0,0.5,10,10,10,0,,15990,18990,"Pokemon TCG, Pokemon TCG > Preventa",,,https://gamerhouse.cl/wp-content/uploads/2025/08/mega-tripack.jpg,,,,,,,,,0,,default,right-sidebar,145,no,
37501,simple,,,"Mega Evolution - 3 Pack Blister - INGLES al azar",1,0,visible,,"<strong><span dir=""auto"">Pokémon TCG: Megaevolución – Blíster de 3 </span></strong>\n\n<span dir=""auto"">Descubre el poder de las Mega Evoluciones con este </span><strong><span dir=""auto"">3-Pack Blister</span></strong><span dir=""auto""> de la expansión </span><em><span dir=""auto"">Mega Evolution</span></em><span dir=""auto""> . Perfecto para jugadores que desean ampliar su colección y tener acceso a cartas exclusivas.</span>\n\n<strong><span dir=""auto"">Contenido:</span></strong>\n<ul>\n 	<li><span dir=""auto"">3 sobres de mejora ( </span><em><span dir=""auto"">booster packs</span></em><span dir=""auto""> ) de la expansión </span><em><span dir=""auto"">Mega Evolution</span></em></li>\n 	<li><span dir=""auto"">1 carta promocional holográfica exclusiva</span></li>\n 	<li><span dir=""auto"">1 moneda coleccionable con diseño especial</span></li>\n</ul>\n<span dir=""auto"">Ideal para coleccionistas y entrenadores que buscan cartas poderosas, ilustraciones únicas y un excelente valor de compra en un solo paquete.</span>\n\n<span dir=""auto"">ENTREGAS A PARTIR DEL 26 DE SEPTIEMBRE</span>",,,taxable,,0,0,,0,0,0.5,10,10,10,0,,17990,21990,"Pokemon TCG, Pokemon TCG > Preventa",,,https://gamerhouse.cl/wp-content/uploads/2025/08/mega-tripack.jpg,,,,,,,,,0,,default,right-sidebar,152,no,
37502,simple,,,"Mega Evolution - Elite Trainer Box - Ingles (Lucario)",1,0,visible,,"<span dir=""auto"">Domina la batalla con estilo con la </span><strong><span dir=""auto"">Elite Trainer Box</span></strong><span dir=""auto""> de la expansión </span><em><span dir=""auto"">Mega Evolution</span></em><span dir=""auto""> . Esta edición celebra el regreso de las Mega Evoluciones con contenido exclusivo y utilidades esenciales tanto para jugadores competitivos como coleccionistas.</span>\n\n<strong><span dir=""auto"">Contenido:</span></strong>\n<ul>\n 	<li><span dir=""auto"">9 sobres de mejora ( </span><em><span dir=""auto"">booster packs</span></em><span dir=""auto""> ) de la expansión </span><em><span dir=""auto"">Mega Evolution</span></em></li>\n 	<li><span dir=""auto"">1 carta foil promocional exclusiva</span></li>\n 	<li><span dir=""auto"">65 fundas para cartas con diseño especial de Mega Evolución</span></li>\n 	<li><span dir=""auto"">45 cartas de energía (básica)</span></li>\n 	<li><span dir=""auto"">6 dados marcadores de daño</span></li>\n 	<li><span dir=""auto"">1 dado para lanzamiento de moneda (legal para torneos)</span></li>\n 	<li><span dir=""auto"">2 marcadores acrílicos (condición de quemado y envenenado)</span></li>\n 	<li><span dir=""auto"">1 caja de colección con separadores</span></li>\n 	<li><span dir=""auto"">1 guía del jugador de la expansión </span><em><span dir=""auto"">Mega Evolution</span></em></li>\n 	<li><span dir=""auto"">1 carta con código para el juego Pokémon TCG Live</span></li>\n</ul>\n<span dir=""auto"">Ideal para quienes quieren comenzar con fuerza en la nueva expansión o mejorar su colección con materiales exclusivos de alta calidad.</span>\n\n<span dir=""auto"">ENTREGAS A PARTIR DEL 26 DE SEPTIEMBRE</span>",,,taxable,,0,0,,0,0,1,20,15,10,0,,62990,69990,"Pokemon TCG, Pokemon TCG > Preventa",,,https://gamerhouse.cl/wp-content/uploads/2025/08/mega-etb-lucario.jpg,,,,,,,,,0,,default,right-sidebar,115,no,
37504,simple,,,"Mega Evolution - Elite Trainer Box - Español (Lucario)",1,0,visible,,"<span dir=""auto"">Domina la batalla con estilo con la </span><strong><span dir=""auto"">Elite Trainer Box</span></strong><span dir=""auto""> de la expansión </span><em><span dir=""auto"">Mega Evolution</span></em><span dir=""auto""> . Esta edición celebra el regreso de las Mega Evoluciones con contenido exclusivo y utilidades esenciales tanto para jugadores competitivos como coleccionistas.</span>\n\n<strong><span dir=""auto"">Contenido:</span></strong>\n<ul>\n 	<li><span dir=""auto"">9 sobres de mejora ( </span><em><span dir=""auto"">booster packs</span></em><span dir=""auto""> ) de la expansión </span><em><span dir=""auto"">Mega Evolution</span></em></li>\n 	<li><span dir=""auto"">1 carta foil promocional exclusiva</span></li>\n 	<li><span dir=""auto"">65 fundas para cartas con diseño especial de Mega Evolución</span></li>\n 	<li><span dir=""auto"">45 cartas de energía (básica)</span></li>\n 	<li><span dir=""auto"">6 dados marcadores de daño</span></li>\n 	<li><span dir=""auto"">1 dado para lanzamiento de moneda (legal para torneos)</span></li>\n 	<li><span dir=""auto"">2 marcadores acrílicos (condición de quemado y envenenado)</span></li>\n 	<li><span dir=""auto"">1 caja de colección con separadores</span></li>\n 	<li><span dir=""auto"">1 guía del jugador de la expansión </span><em><span dir=""auto"">Mega Evolution</span></em></li>\n 	<li><span dir=""auto"">1 carta con código para el juego Pokémon TCG Live</span></li>\n</ul>\n<span dir=""auto"">Ideal para quienes quieren comenzar con fuerza en la nueva expansión o mejorar su colección con materiales exclusivos de alta calidad.</span>\n\n<span dir=""auto"">ENTREGAS A PARTIR DEL 26 DE SEPTIEMBRE</span>",,,taxable,,1,2,,0,0,1,20,15,10,0,,58990,64990,"Pokemon TCG, Pokemon TCG > Preventa",,,https://gamerhouse.cl/wp-content/uploads/2025/08/mega-etb-lucario.jpg,,,,,,,,,0,,default,right-sidebar,136,no,
37505,simple,,,"Mega Evolution - Elite Trainer Box - Ingles (Gardevoir)",1,0,visible,,"<span dir=""auto"">Domina la batalla con estilo con la </span><strong><span dir=""auto"">Elite Trainer Box</span></strong><span dir=""auto""> de la expansión </span><em><span dir=""auto"">Mega Evolution</span></em><span dir=""auto""> . Esta edición celebra el regreso de las Mega Evoluciones con contenido exclusivo y utilidades esenciales tanto para jugadores competitivos como coleccionistas.</span>\n\n<strong><span dir=""auto"">Contenido:</span></strong>\n<ul>\n 	<li><span dir=""auto"">9 sobres de mejora ( </span><em><span dir=""auto"">booster packs</span></em><span dir=""auto""> ) de la expansión </span><em><span dir=""auto"">Mega Evolution</span></em></li>\n 	<li><span dir=""auto"">1 carta foil promocional exclusiva</span></li>\n 	<li><span dir=""auto"">65 fundas para cartas con diseño especial de Mega Evolución</span></li>\n 	<li><span dir=""auto"">45 cartas de energía (básica)</span></li>\n 	<li><span dir=""auto"">6 dados marcadores de daño</span></li>\n 	<li><span dir=""auto"">1 dado para lanzamiento de moneda (legal para torneos)</span></li>\n 	<li><span dir=""auto"">2 marcadores acrílicos (condición de quemado y envenenado)</span></li>\n 	<li><span dir=""auto"">1 caja de colección con separadores</span></li>\n 	<li><span dir=""auto"">1 guía del jugador de la expansión </span><em><span dir=""auto"">Mega Evolution</span></em></li>\n 	<li><span dir=""auto"">1 carta con código para el juego Pokémon TCG Live</span></li>\n</ul>\n<span dir=""auto"">Ideal para quienes quieren comenzar con fuerza en la nueva expansión o mejorar su colección con materiales exclusivos de alta calidad.</span>\n\n<span dir=""auto"">ENTREGAS A PARTIR DEL 26 DE SEPTIEMBRE</span>",,,taxable,,1,2,,0,0,1,20,15,10,0,,62990,69990,"Pokemon TCG, Pokemon TCG > Preventa",,,https://gamerhouse.cl/wp-content/uploads/2025/08/MEGA-GARDEVOIR.jpg,,,,,,,,,0,,default,right-sidebar,96,no,
37507,simple,,,"Mega Evolution - Elite Trainer Box - Español (Gardevoir)",1,0,visible,,"<span dir=""auto"">Domina la batalla con estilo con la </span><strong><span dir=""auto"">Elite Trainer Box</span></strong><span dir=""auto""> de la expansión </span><em><span dir=""auto"">Mega Evolution</span></em><span dir=""auto""> . Esta edición celebra el regreso de las Mega Evoluciones con contenido exclusivo y utilidades esenciales tanto para jugadores competitivos como coleccionistas.</span>\n\n<strong><span dir=""auto"">Contenido:</span></strong>\n<ul>\n 	<li><span dir=""auto"">9 sobres de mejora ( </span><em><span dir=""auto"">booster packs</span></em><span dir=""auto""> ) de la expansión </span><em><span dir=""auto"">Mega Evolution</span></em></li>\n 	<li><span dir=""auto"">1 carta foil promocional exclusiva</span></li>\n 	<li><span dir=""auto"">65 fundas para cartas con diseño especial de Mega Evolución</span></li>\n 	<li><span dir=""auto"">45 cartas de energía (básica)</span></li>\n 	<li><span dir=""auto"">6 dados marcadores de daño</span></li>\n 	<li><span dir=""auto"">1 dado para lanzamiento de moneda (legal para torneos)</span></li>\n 	<li><span dir=""auto"">2 marcadores acrílicos (condición de quemado y envenenado)</span></li>\n 	<li><span dir=""auto"">1 caja de colección con separadores</span></li>\n 	<li><span dir=""auto"">1 guía del jugador de la expansión </span><em><span dir=""auto"">Mega Evolution</span></em></li>\n 	<li><span dir=""auto"">1 carta con código para el juego Pokémon TCG Live</span></li>\n</ul>\n<span dir=""auto"">Ideal para quienes quieren comenzar con fuerza en la nueva expansión o mejorar su colección con materiales exclusivos de alta calidad.</span>\n\n<span dir=""auto"">ENTREGAS A PARTIR DEL 26 DE SEPTIEMBRE</span>",,,taxable,,1,2,,0,0,1,20,15,10,0,,58990,64990,"Pokemon TCG, Pokemon TCG > Preventa",,,https://gamerhouse.cl/wp-content/uploads/2025/08/MEGA-GARDEVOIR.jpg,,,,,,,,,0,,default,right-sidebar,86,no,
37508,simple,,,"[PREVENTA 26/09/25] Mega Evolution - HEROES MINI TIN UNIDAD INGLES",1,0,visible,,"<div class=""elementor-element elementor-element-ce05bd9 wd-single-short-desc text-left elementor-widget elementor-widget-wd_single_product_short_description"" data-id=""ce05bd9"" data-element_type=""widget"" data-widget_type=""wd_single_product_short_description.default"">\n<div class=""elementor-widget-container"">\n<div class=""woocommerce-product-details__short-description"">\n\nENTREGAS A PARTIR DEL 26 DE SEPTIEMBRE\n\n¡Tus Pokémon favoritos caben en la palma de tu mano! La <strong data-start=""490"" data-end=""535"">Pokémon TCG Mega Heroes Mini Tin (Inglés)</strong> es el producto ideal para entrenadores que disfrutan coleccionar y llevar su pasión por el <strong data-start=""627"" data-end=""669"">Juego de Cartas Coleccionables Pokémon</strong> a todas partes. Compacta, resistente y con un diseño increíble, esta minilata te ofrece una dosis perfecta de cartas, arte y diversión.\n\n</div>\n</div>\n</div>\n<div class=""elementor-element elementor-element-7955ff3 wd-single-content elementor-widget elementor-widget-wd_single_product_content"" data-id=""7955ff3"" data-element_type=""widget"" data-widget_type=""wd_single_product_content.default"">\n<div class=""elementor-widget-container"">\n<p data-start=""807"" data-end=""1081"">Cada Mini Tin incluye <strong data-start=""829"" data-end=""853"">2 sobres de refuerzo</strong>, una <strong data-start=""859"" data-end=""881"">calcomanía Pokémon</strong> y una <strong data-start=""888"" data-end=""909"">tarjeta ilustrada</strong> que muestra el arte exclusivo de la lata correspondiente. ¡Colecciona las 5 minilatas Mega Heroes para completar la imagen completa y hacer crecer tu colección con estilo!</p>\n<p data-start=""1083"" data-end=""1102"">🔹 <strong data-start=""1086"" data-end=""1100"">Contenido:</strong></p>\n\n<ul data-start=""1103"" data-end=""1232"">\n 	<li data-start=""1103"" data-end=""1142"">\n<p data-start=""1105"" data-end=""1142"">2 sobres de refuerzo de JCC Pokémon</p>\n</li>\n 	<li data-start=""1143"" data-end=""1170"">\n<p data-start=""1145"" data-end=""1170"">1 calcomanía de Pokémon</p>\n</li>\n 	<li data-start=""1171"" data-end=""1232"">\n<p data-start=""1173"" data-end=""1232"">1 tarjeta ilustrada de colección (una de cinco disponibles)</p>\n</li>\n</ul>\n<p data-start=""1234"" data-end=""1482"">Ideal como regalo, para guardar tus cartas o comenzar tu viaje como entrenador, la <strong data-start=""1317"" data-end=""1356"">Mini Tin Mega Heroes de Pokémon TCG</strong> combina diversión, diseño y contenido en un formato compacto. ¡Descubre qué Pokémon te acompaña y empieza la colección ahora!</p>\n\n</div>\n</div>",,,taxable,,1,9,,0,0,0.3,10,10,10,0,,14990,16990,"Pokemon TCG, Pokemon TCG > Preventa",,,"https://gamerhouse.cl/wp-content/uploads/2025/08/MEGA-MINI-TIN.jpg, https://gamerhouse.cl/wp-content/uploads/2025/08/MEGA-MINI-TINNN.jpg",,,,,,,,,0,,default,right-sidebar,116,no,
37523,simple,,,"TCG Pokémon – Team Rocket Tin INGLES",1,0,visible,,"<b>¡Apunta a la dominación mundial con el Equipo Rocket!</b>\nHaz realidad tus ambiciosos planes aliándote con algunos de los Pokémon más duros del Equipo Rocket. ¡Con esta lata, elige la mente estratégica de Mewtwo ex del Equipo Rocket, las toxinas potentes de Nidoking ex del Equipo Rocket o el orgulloso poder de Persian ex del Equipo Rocket como una carta promocional holográfica, y luego descubre más cartas de Pokémon y de Entrenador dentro de varios sobres de mejora!\n\n<b>Esta lata del JCC Pokémon: Equipo Rocket incluye:</b>\n<ul>\n 	<li>1 carta promocional holográfica de Mewtwo ex, Nidoking ex o Persian ex del Equipo Rocket</li>\n 	<li>5 sobres de mejora del JCC Pokémon en la versión en inglés y 4 en la versión en español latino.</li>\n 	<li>1 carta con código para JCC Pokémon Live</li>\n</ul>\n<strong>SON 3 MODELOS DISPONIBLES. SE ENVIA MODELO AL AZAR</strong>\n\n<strong>IDIOMA: INGLES</strong>\n\n<strong>FECHA DE LANZAMIENTO: 05-09-2025</strong>",,,taxable,,1,6,,0,0,1,15,15,10,0,,34990,39990,"Pokemon TCG, Pokemon TCG > Preventa",,,https://gamerhouse.cl/wp-content/uploads/2025/08/mini-tin-team-rocket.jpg,,,,,,,,,0,,default,right-sidebar,115,no,
37525,simple,,,"TCG Pokémon – Team Rocket Tin ESPAÑOL",1,0,visible,,"<b>¡Apunta a la dominación mundial con el Equipo Rocket!</b>\nHaz realidad tus ambiciosos planes aliándote con algunos de los Pokémon más duros del Equipo Rocket. ¡Con esta lata, elige la mente estratégica de Mewtwo ex del Equipo Rocket, las toxinas potentes de Nidoking ex del Equipo Rocket o el orgulloso poder de Persian ex del Equipo Rocket como una carta promocional holográfica, y luego descubre más cartas de Pokémon y de Entrenador dentro de varios sobres de mejora!\n\n<b>Esta lata del JCC Pokémon: Equipo Rocket incluye:</b>\n<ul>\n 	<li>1 carta promocional holográfica de Mewtwo ex, Nidoking ex o Persian ex del Equipo Rocket</li>\n 	<li> 4 sobres en versión en español latino.</li>\n 	<li>1 carta con código para JCC Pokémon Live</li>\n</ul>\n<strong>SON 3 MODELOS DISPONIBLES. SE ENVIA MODELO AL AZAR</strong>\n\n<strong>IDIOMA: ESPAÑOL</strong>\n\n<strong>FECHA DE LANZAMIENTO: 05-09-2025</strong>",,,taxable,,1,6,,0,0,1,15,15,10,0,,27990,32990,"Pokemon TCG, Pokemon TCG > Preventa",,,https://gamerhouse.cl/wp-content/uploads/2025/08/mini-tin-team-rocket.jpg,,,,,,,,,0,,default,right-sidebar,112,no,
37550,simple,,,"MAGICA Nintendo switch v2 neon + magia + 20 juegos reacondicionada",1,0,visible,,"NINTENDO SWITCH MODELO V2 NEON\nDESBLOQUEADA VIA CHIP\nINCLUYE TODOS SUS ACCESORIOS\nDOCK\nSTRAPS\nHANDGRIP\nHDMI\nJOY CONS\nCARGADOR\nADEMAS INCLUYE MEMORIA DE 128GB CON\n20 JUEGOS SURTIDOS CARGADOS.\nNO PIERDE ONLINE",,,taxable,,1,3,,0,0,3,35,20,10,0,,264990,299990,"Nintendo > Consolas, Nintendo",,,"https://gamerhouse.cl/wp-content/uploads/2025/03/nsw1.jpg, https://gamerhouse.cl/wp-content/uploads/2025/03/nsw2.jpg, https://gamerhouse.cl/wp-content/uploads/2025/03/nsw3.jpg",,,,,,,,,0,,default,right-sidebar,2361,no,
37574,simple,,,"(Preventa) Mega Evolution Phantasmal Flames Elite Trainer Box Inglés",1,0,visible,,"<strong>LANZAMIENTO 14 DE NOVIEMBRE 2025</strong>\n\n<strong>¡Enciende tu espíritu de combate!</strong>\nEnvuelto en el ardor de sus llamas azules, Mega-Charizard X ex atraviesa un oscuro campo de combate y levanta vuelo para acechar a sus rivales desde lo más alto. Entre las sombras, la siniestra silueta de Mega-Gengar ex emerge, provocando un gélido escalofrío capaz de combatir el intenso calor. Conforme ambos preparan sus ataques, Mega-Heracross ex, Mega-Lopunny ex y muchos otros Pokémon se posicionan para demostrar todo su poder en la expansión Megaevolución-Llamaradas Fantasmales de JCC Pokémon.\n\n<strong>La Caja de Entrenador Élite de Megaevolución-Llamaradas Fantasmales de JCC Pokémon contiene:</strong>\n• 9 sobres de refuerzo de Megaevolución-Llamaradas Fantasmales de JCC Pokémon\n• 1 carta promo holográfica con arte completo de Charcadet\n• 65 fundas para cartas\n• 40 cartas de Energía de JCC Pokémon\n• 1 guía para jugadores de la expansión Megaevolución-Llamaradas Fantasmales\n• 6 contadores de daño en forma de dado\n• 1 dado para lanzamiento de moneda válido en competencias\n• 1 moneda\n• 1 caja de coleccionista con 6 divisores para guardar todo de forma organizada",,,taxable,,1,10,,0,0,1,20,15,10,0,,62990,69990,"Pokemon TCG, Pokemon TCG > Preventa",,,"https://gamerhouse.cl/wp-content/uploads/2025/09/etb-phantasmal.jpg, https://gamerhouse.cl/wp-content/uploads/2025/09/etb-phantasmal-2.jpg",,,,,,,,,0,,default,right-sidebar,143,no,
37577,simple,,,"(Preventa) Mega Evolution Phantasmal Flames Elite Trainer Box Español",1,0,visible,,"<strong>LANZAMIENTO 14 DE NOVIEMBRE 2025</strong>\n\n<strong>¡Enciende tu espíritu de combate!</strong>\nEnvuelto en el ardor de sus llamas azules, Mega-Charizard X ex atraviesa un oscuro campo de combate y levanta vuelo para acechar a sus rivales desde lo más alto. Entre las sombras, la siniestra silueta de Mega-Gengar ex emerge, provocando un gélido escalofrío capaz de combatir el intenso calor. Conforme ambos preparan sus ataques, Mega-Heracross ex, Mega-Lopunny ex y muchos otros Pokémon se posicionan para demostrar todo su poder en la expansión Megaevolución-Llamaradas Fantasmales de JCC Pokémon.\n\n<strong>La Caja de Entrenador Élite de Megaevolución-Llamaradas Fantasmales de JCC Pokémon contiene:</strong>\n• 9 sobres de refuerzo de Megaevolución-Llamaradas Fantasmales de JCC Pokémon\n• 1 carta promo holográfica con arte completo de Charcadet\n• 65 fundas para cartas\n• 40 cartas de Energía de JCC Pokémon\n• 1 guía para jugadores de la expansión Megaevolución-Llamaradas Fantasmales\n• 6 contadores de daño en forma de dado\n• 1 dado para lanzamiento de moneda válido en competencias\n• 1 moneda\n• 1 caja de coleccionista con 6 divisores para guardar todo de forma organizada",,,taxable,,1,9,,0,0,1,20,15,10,0,,58990,62990,"Pokemon TCG, Pokemon TCG > Preventa",,,"https://gamerhouse.cl/wp-content/uploads/2025/09/etb-phantasmal.jpg, https://gamerhouse.cl/wp-content/uploads/2025/09/etb-phantasmal-2.jpg",,,,,,,,,0,,default,right-sidebar,147,no,
37578,simple,,,"(Preventa) Mega Evolution Phantasmal Flames Blister Pack Inglés",1,0,visible,,"<strong>LANZAMIENTO 14 DE NOVIEMBRE 2025</strong>\n\n<strong>¡Enciende tu espíritu de combate!</strong>\n\nEnvuelto en el ardor de sus llamas azules, Mega-Charizard X ex atraviesa un oscuro campo de combate y levanta vuelo para acechar a sus rivales desde lo más alto. Entre las sombras, la siniestra silueta de Mega-Gengar ex emerge, provocando un gélido escalofrío capaz de combatir el intenso calor. Conforme ambos preparan sus ataques, Mega-Heracross ex, Mega-Lopunny ex y muchos otros Pokémon se posicionan para demostrar todo su poder en la expansión Megaevolución-Llamaradas Fantasmales de JCC Pokémon.\n<strong>• Más de 120 cartas</strong>\n<strong>• Más Pokémon ex Megaevolución nuevos</strong>\n<strong>• 10 cartas de Entrenador</strong>\n<strong>• Más de 15 cartas de Pokémon y de Entrenador con ilustraciones especiales</strong>",,,taxable,,1,5,,0,0,0.5,10,10,10,0,,18990,21990,"Pokemon TCG, Pokemon TCG > Preventa",,,"https://gamerhouse.cl/wp-content/uploads/2025/09/blister-pha-3.jpg, https://gamerhouse.cl/wp-content/uploads/2025/09/blister-phantasmal.jpg, https://gamerhouse.cl/wp-content/uploads/2025/09/blister-phantasmal-2.jpg",,,,,,,,,0,,default,right-sidebar,141,no,
37582,simple,,,"(Preventa) Mega Evolution Phantasmal Flames Booster Box Inglés",1,0,visible,,"<strong>LANZAMIENTO 14 DE NOVIEMBRE 2025</strong>\n\n<strong>¡Enciende tu espíritu de combate!</strong>\n\nEnvuelto en el ardor de sus llamas azules, Mega-Charizard X ex atraviesa un oscuro campo de combate y levanta vuelo para acechar a sus rivales desde lo más alto. Entre las sombras, la siniestra silueta de Mega-Gengar ex emerge, provocando un gélido escalofrío capaz de combatir el intenso calor. Conforme ambos preparan sus ataques, Mega-Heracross ex, Mega-Lopunny ex y muchos otros Pokémon se posicionan para demostrar todo su poder en la expansión Megaevolución-Llamaradas Fantasmales de JCC Pokémon.\n<strong>• Más de 120 cartas</strong>\n<strong>• Más Pokémon ex Megaevolución nuevos</strong>\n<strong>• 10 cartas de Entrenador</strong>\n<strong>• Más de 15 cartas de Pokémon y de Entrenador con ilustraciones especiales</strong>",,,taxable,,1,1,,0,0,1.5,20,10,10,0,,204990,219990,"Pokemon TCG, Pokemon TCG > Preventa",,,https://gamerhouse.cl/wp-content/uploads/2025/09/booster-box-phantasmal.jpg,,,,,,,,,0,,default,right-sidebar,136,no,
37584,simple,,,"(Preventa) Mega Evolution Phantasmal Flames Booster Box Español",1,0,visible,,"<strong>LANZAMIENTO 14 DE NOVIEMBRE 2025</strong>\n\n<strong>¡Enciende tu espíritu de combate!</strong>\n\nEnvuelto en el ardor de sus llamas azules, Mega-Charizard X ex atraviesa un oscuro campo de combate y levanta vuelo para acechar a sus rivales desde lo más alto. Entre las sombras, la siniestra silueta de Mega-Gengar ex emerge, provocando un gélido escalofrío capaz de combatir el intenso calor. Conforme ambos preparan sus ataques, Mega-Heracross ex, Mega-Lopunny ex y muchos otros Pokémon se posicionan para demostrar todo su poder en la expansión Megaevolución-Llamaradas Fantasmales de JCC Pokémon.\n<strong>• Más de 120 cartas</strong>\n<strong>• Más Pokémon ex Megaevolución nuevos</strong>\n<strong>• 10 cartas de Entrenador</strong>\n<strong>• Más de 15 cartas de Pokémon y de Entrenador con ilustraciones especiales</strong>",,,taxable,,1,1,,0,0,1.5,20,10,10,0,,179990,199990,"Pokemon TCG, Pokemon TCG > Preventa",,,https://gamerhouse.cl/wp-content/uploads/2025/09/booster-box-phantasmal.jpg,,,,,,,,,0,,default,right-sidebar,143,no,
37585,simple,,,"(Preventa) Mega Evolution Phantasmal Flames Booster Bundle Inglés",1,0,visible,,"<strong>LANZAMIENTO 14 DE NOVIEMBRE 2025</strong>\n\n<strong>¡Enciende tu espíritu de combate!</strong>\nEnvuelto en el ardor de sus llamas azules, Mega-Charizard X ex atraviesa un oscuro campo de combate y levanta vuelo para acechar a sus rivales desde lo más alto. Entre las sombras, la siniestra silueta de Mega-Gengar ex emerge, provocando un gélido escalofrío capaz de combatir el intenso calor. Conforme ambos preparan sus ataques, Mega-Heracross ex, Mega-Lopunny ex y muchos otros Pokémon se posicionan para demostrar todo su poder en la expansión Megaevolución-Llamaradas Fantasmales de JCC Pokémon.\n\n<strong>¡Amplía tu colección con este paquete de 6 sobres de refuerzo de Mega evolución-Llamaradas Fantasmales de JCC Pokémon!</strong>",,,taxable,,1,6,,0,0,0.5,10,10,10,0,,35990,36990,"Pokemon TCG, Pokemon TCG > Preventa",,,https://gamerhouse.cl/wp-content/uploads/2025/09/bundle-phantasmal.jpg,,,,,,,,,0,,default,right-sidebar,139,no,
37587,simple,,,"(Preventa) Mega Evolution Phantasmal Flames Booster Bundle Español",1,0,visible,,"<strong>LANZAMIENTO 14 DE NOVIEMBRE 2025</strong>\n\n<strong>¡Enciende tu espíritu de combate!</strong>\nEnvuelto en el ardor de sus llamas azules, Mega-Charizard X ex atraviesa un oscuro campo de combate y levanta vuelo para acechar a sus rivales desde lo más alto. Entre las sombras, la siniestra silueta de Mega-Gengar ex emerge, provocando un gélido escalofrío capaz de combatir el intenso calor. Conforme ambos preparan sus ataques, Mega-Heracross ex, Mega-Lopunny ex y muchos otros Pokémon se posicionan para demostrar todo su poder en la expansión Megaevolución-Llamaradas Fantasmales de JCC Pokémon.\n\n<strong>¡Amplía tu colección con este paquete de 6 sobres de refuerzo de Mega evolución-Llamaradas Fantasmales de JCC Pokémon!</strong>",,,taxable,,1,6,,0,0,0.5,10,10,10,0,,29990,32990,"Pokemon TCG, Pokemon TCG > Preventa",,,https://gamerhouse.cl/wp-content/uploads/2025/09/bundle-phantasmal.jpg,,,,,,,,,0,,default,right-sidebar,158,no,
37588,simple,,,"(Preventa) Prismatic Evolutions - Premium Figure Collection Inglés",1,0,visible,,"<p data-end=""467"" data-start=""199""><strong>Lanzamiento el 26 de Septiembre</strong></p>\n<p data-end=""467"" data-start=""199"">Celebra la evolución como nunca antes con la colección premium de Umbreon ex y Espeon ex. Esta edición especial de la expansión <em data-end=""368"" data-start=""327"">Scarlet &amp; Violet – Prismatic Evolutions</em> incluye contenido exclusivo ideal para jugadores, coleccionistas y fanáticos del universo Pokémon.</p>\n\n<h3 data-end=""501"" data-start=""474"">Contenido del producto:</h3>\n<ul data-end=""748"" data-start=""503"">\n 	<li data-end=""552"" data-start=""503"">1 carta promocional holográfica de Umbreon ex</li>\n 	<li data-end=""601"" data-start=""553"">1 carta promocional holográfica de Espeon ex</li>\n 	<li data-end=""648"" data-start=""602"">1 figura coleccionable de Umbreon y Espeon</li>\n 	<li data-end=""687"" data-start=""649"">1 pin metálico de Umbreon y Espeon</li>\n 	<li data-end=""748"" data-start=""688"">11 sobres de refuerzo de la expansión Prismatic Evolutions</li>\n</ul>",,,taxable,,0,0,,0,0,2,40,30,20,0,,84990,99990,"Pokemon TCG, Pokemon TCG > Preventa",,,"https://gamerhouse.cl/wp-content/uploads/2025/09/upc-prisma.jpg, https://gamerhouse.cl/wp-content/uploads/2025/09/upc-prisma-2.jpg, https://gamerhouse.cl/wp-content/uploads/2025/09/upc-prisma-3.jpg",,,,,,,,,0,,default,right-sidebar,162,no,
37590,simple,,,"(Preventa) Prismatic Evolutions - Premium Figure Collection Español",1,0,visible,,"<p data-end=""467"" data-start=""199""><strong>Lanzamiento el 26 de Septiembre</strong></p>\n<p data-end=""467"" data-start=""199"">Celebra la evolución como nunca antes con la colección premium de Umbreon ex y Espeon ex. Esta edición especial de la expansión <em data-end=""368"" data-start=""327"">Scarlet &amp; Violet – Prismatic Evolutions</em> incluye contenido exclusivo ideal para jugadores, coleccionistas y fanáticos del universo Pokémon.</p>\n\n<h3 data-end=""501"" data-start=""474"">Contenido del producto:</h3>\n<ul data-end=""748"" data-start=""503"">\n 	<li data-end=""552"" data-start=""503"">1 carta promocional holográfica de Umbreon ex</li>\n 	<li data-end=""601"" data-start=""553"">1 carta promocional holográfica de Espeon ex</li>\n 	<li data-end=""648"" data-start=""602"">1 figura coleccionable de Umbreon y Espeon</li>\n 	<li data-end=""687"" data-start=""649"">1 pin metálico de Umbreon y Espeon</li>\n 	<li data-end=""748"" data-start=""688"">11 sobres de refuerzo de la expansión Prismatic Evolutions</li>\n</ul>",,,taxable,,0,0,,0,0,2,40,30,20,0,,79990,84990,"Pokemon TCG, Pokemon TCG > Preventa",,,"https://gamerhouse.cl/wp-content/uploads/2025/09/upc-prisma.jpg, https://gamerhouse.cl/wp-content/uploads/2025/09/upc-prisma-2.jpg, https://gamerhouse.cl/wp-content/uploads/2025/09/upc-prisma-3.jpg",,,,,,,,,0,,default,right-sidebar,161,no,
37591,simple,,,"[PREVENTA 24/10/2025] Pokémon Trainer’s Toolkit 2025 – Ingles",1,0,visible,,"<strong>¡Todo lo que necesitas para construir un poderoso mazo!</strong>\n¡Transforma tu colección de cartas en mazos perfectos para divertirte, jugar y competir en el Juego de Cartas Coleccionables Pokémon! Dentro de este kit, encontrarás infinidad de cartas de Entrenador, incluyendo cartas de AS TÁCTICO, además de una guía de estrategias con la que podrás armar mazos que lleven a tus Pokémon al máximo nivel. También obtendrás todo lo que necesitas para ayudarte a tomar decisiones al construir mazos: ¿agrego más Pokémon fuertes?, ¿más cartas de Entrenador estratégicas?, ¿cuántas Energías son suficientes? Explora mazos totalmente nuevos, inventa combos originales y diviértete compitiendo contra otros jugadores con el Kit para Entrenadores de JCC Pokémon.\n\n<strong>El Kit para Entrenadores de JCC Pokémon contiene:</strong>\n• Más de 50 cartas esenciales para fortalecer tus mazos con montones de cartas de Entrenador,\nincluyendo 5 cartas promo y 3 cartas de AS TÁCTICO, además de 1 copia de Fezandipiti ex\n• 4 sobres de refuerzo de JCC Pokémon\n• 65 fundas para cartas\n• 1 guía de estrategias\n• 6 contadores de daño en forma de dado\n• 1 dado para lanzamiento de moneda válido en competencias\n• 2 marcadores de condición\n• 1 carta con código para JCC Pokémon Live",,,taxable,,1,2,,0,0,1,20,10,20,0,,42990,49990,"Pokemon TCG, Pokemon TCG > Preventa",,,"https://gamerhouse.cl/wp-content/uploads/2025/09/toolkit.jpg, https://gamerhouse.cl/wp-content/uploads/2025/09/toolkit-2.jpg, https://gamerhouse.cl/wp-content/uploads/2025/09/toolkit-3.jpg",,,,,,,,,0,,default,right-sidebar,142,no,
37597,simple,,,"(Preventa) Mega Battle Deck - Mega Gengar ex Español",1,0,visible,,"<div id=""shopify-section-template--24209130029367__main"" class=""shopify-section"">\n<div id=""ProductSection-template--24209130029367__main"" class=""popup product-details product-default"" data-section-id=""template--24209130029367__main"" data-section-type=""product"" data-has-combo=""false"" data-image-opo="""">\n<div class=""productView-bottom scroll-trigger animate--fade-in"">\n<div class=""container"">\n<div class=""tabs-contents tabs-contents-horizontal clearfix halo-text-format"">\n<div id=""tab-descripcion"" class=""tab-content is-active"">\n<div id=""tab-descripcion-mobile"" class=""toggle-content is-active popup-mobile"" data-product-description-10253666189623="""">\n<div class=""tab-popup-content"">\n\n<strong>Lanzamiento 24 de Octubre</strong>\n\n<strong>¡Es hora de un Megacombate!</strong>\n\n¡Dos nuevos Mazos Megacombate de JCC Pokémon están listos para la acción! Únete a Mega-Gengar ex para combatir desde las sombras, o elige a Mega-Diancie ex y deslumbra a tus rivales con tus valiosas habilidades. Cada mazo incluye un poderoso Pokémon ex y todo lo que necesitas para ponerte a jugar enseguida.\n\n<strong>En cada caja encontrarás:</strong>\n• 1 mazo de 60 cartas listo para jugar\n• 1 set de contadores de daño\n• 1 moneda grande\n• 1 portamazo\n• 1 tapete reversible con estrategias\n• 1 carta con código para jugar con este mazo en línea\n\n</div>\n</div>\n</div>\n</div>\n</div>\n</div>\n</div>\n</div>\n<div id=""shopify-section-template--24209130029367__product-recommendations"" class=""shopify-section halo-product-block-sections"">\n<div id=""halo-recommendations-block-template--24209130029367__product-recommendations"" class=""halo-block halo-product-block halo-recommendations-block section-block-template--24209130029367__product-recommendations scroll-trigger animate--slide-in"" data-limit=""10"" data-layout=""slider"" data-url=""/recommendations/products?section_id=template--24209130029367__product-recommendations&amp;product_id=10253666189623&amp;limit=10"" data-image-ratio="""" data-swipe=""false"" data-recommendations-block="""">\n<div class=""wrapper-container container"">\n<div class=""halo-block-header text-center block-title--style1""></div>\n</div>\n</div>\n</div>",,,taxable,,1,1,,0,0,1,20,10,20,0,,25990,28990,"Pokemon TCG, Pokemon TCG > Preventa",,,https://gamerhouse.cl/wp-content/uploads/2025/09/gengar.jpg,,,,,,,,,0,,default,right-sidebar,186,no,
37599,simple,,,"(Preventa) Mega Battle Deck - Mega Gengar ex INGLES",1,0,visible,,"<div id=""shopify-section-template--24209130029367__main"" class=""shopify-section"">\n<div id=""ProductSection-template--24209130029367__main"" class=""popup product-details product-default"" data-section-id=""template--24209130029367__main"" data-section-type=""product"" data-has-combo=""false"" data-image-opo="""">\n<div class=""productView-bottom scroll-trigger animate--fade-in"">\n<div class=""container"">\n<div class=""tabs-contents tabs-contents-horizontal clearfix halo-text-format"">\n<div id=""tab-descripcion"" class=""tab-content is-active"">\n<div id=""tab-descripcion-mobile"" class=""toggle-content is-active popup-mobile"" data-product-description-10253666189623="""">\n<div class=""tab-popup-content"">\n\n<strong>Lanzamiento 24 de Octubre</strong>\n\n<strong>¡Es hora de un Megacombate!</strong>\n\n¡Dos nuevos Mazos Megacombate de JCC Pokémon están listos para la acción! Únete a Mega-Gengar ex para combatir desde las sombras, o elige a Mega-Diancie ex y deslumbra a tus rivales con tus valiosas habilidades. Cada mazo incluye un poderoso Pokémon ex y todo lo que necesitas para ponerte a jugar enseguida.\n\n<strong>En cada caja encontrarás:</strong>\n• 1 mazo de 60 cartas listo para jugar\n• 1 set de contadores de daño\n• 1 moneda grande\n• 1 portamazo\n• 1 tapete reversible con estrategias\n• 1 carta con código para jugar con este mazo en línea\n\n</div>\n</div>\n</div>\n</div>\n</div>\n</div>\n</div>\n</div>\n<div id=""shopify-section-template--24209130029367__product-recommendations"" class=""shopify-section halo-product-block-sections"">\n<div id=""halo-recommendations-block-template--24209130029367__product-recommendations"" class=""halo-block halo-product-block halo-recommendations-block section-block-template--24209130029367__product-recommendations scroll-trigger animate--slide-in"" data-limit=""10"" data-layout=""slider"" data-url=""/recommendations/products?section_id=template--24209130029367__product-recommendations&amp;product_id=10253666189623&amp;limit=10"" data-image-ratio="""" data-swipe=""false"" data-recommendations-block="""">\n<div class=""wrapper-container container"">\n<div class=""halo-block-header text-center block-title--style1""></div>\n</div>\n</div>\n</div>",,,taxable,,0,0,,0,0,1,20,10,20,0,,29990,32990,"Pokemon TCG, Pokemon TCG > Preventa",,,https://gamerhouse.cl/wp-content/uploads/2025/09/gengar.jpg,,,,,,,,,0,,default,right-sidebar,186,no,
37600,simple,,,"(Preventa) Mega Battle Deck - Mega Diancie ex Español",1,0,visible,,"<div id=""shopify-section-template--24209130029367__main"" class=""shopify-section"">\n<div id=""ProductSection-template--24209130029367__main"" class=""popup product-details product-default"" data-section-id=""template--24209130029367__main"" data-section-type=""product"" data-has-combo=""false"" data-image-opo="""">\n<div class=""productView-bottom scroll-trigger animate--fade-in"">\n<div class=""container"">\n<div class=""tabs-contents tabs-contents-horizontal clearfix halo-text-format"">\n<div id=""tab-descripcion"" class=""tab-content is-active"">\n<div id=""tab-descripcion-mobile"" class=""toggle-content is-active popup-mobile"" data-product-description-10253666189623="""">\n<div class=""tab-popup-content"">\n<div id=""shopify-section-template--24209130029367__main"" class=""shopify-section"">\n<div id=""ProductSection-template--24209130029367__main"" class=""popup product-details product-default"" data-section-id=""template--24209130029367__main"" data-section-type=""product"" data-has-combo=""false"" data-image-opo="""">\n<div class=""productView-bottom scroll-trigger animate--fade-in"">\n<div class=""container"">\n<div class=""tabs-contents tabs-contents-horizontal clearfix halo-text-format"">\n<div id=""tab-descripcion"" class=""tab-content is-active"">\n<div id=""tab-descripcion-mobile"" class=""toggle-content is-active popup-mobile"" data-product-description-10254851539255="""">\n<div class=""tab-popup-content"">\n\n<strong>Lanzamiento 24 de Octubre</strong>\n\n<strong>¡Es hora de un Megacombate!</strong>\n\n¡Dos nuevos Mazos Megacombate de JCC Pokémon están listos para la acción! Únete a Mega-Gengar ex para combatir desde las sombras, o elige a Mega-Diancie ex y deslumbra a tus rivales con tus valiosas habilidades. Cada mazo incluye un poderoso Pokémon ex y todo lo que necesitas para ponerte a jugar enseguida.\n\n<strong>En cada caja encontrarás:</strong>\n• 1 mazo de 60 cartas listo para jugar\n• 1 set de contadores de daño\n• 1 moneda grande\n• 1 portamazo\n• 1 tapete reversible con estrategias\n• 1 carta con código para jugar con este mazo en línea\n\n</div>\n</div>\n</div>\n</div>\n</div>\n</div>\n</div>\n</div>\n<div id=""shopify-section-template--24209130029367__product-recommendations"" class=""shopify-section halo-product-block-sections"">\n<div id=""halo-recommendations-block-template--24209130029367__product-recommendations"" class=""halo-block halo-product-block halo-recommendations-block section-block-template--24209130029367__product-recommendations scroll-trigger animate--slide-in"" data-limit=""10"" data-layout=""slider"" data-url=""/recommendations/products?section_id=template--24209130029367__product-recommendations&amp;product_id=10254851539255&amp;limit=10"" data-image-ratio="""" data-swipe=""false"" data-recommendations-block="""">\n<div class=""wrapper-container container"">\n<div class=""halo-block-header text-center block-title--style1""></div>\n</div>\n</div>\n</div>\n</div>\n</div>\n</div>\n</div>\n</div>\n</div>\n</div>\n</div>",,,taxable,,1,3,,0,0,1,20,10,20,0,,19990,22990,"Pokemon TCG, Pokemon TCG > Preventa",,,https://gamerhouse.cl/wp-content/uploads/2025/09/diance.jpg,,,,,,,,,0,,default,right-sidebar,177,no,
37602,simple,,,"(Preventa) Mega Battle Deck - Mega Diancie ex Ingles",1,0,visible,,"<div id=""shopify-section-template--24209130029367__main"" class=""shopify-section"">\n<div id=""ProductSection-template--24209130029367__main"" class=""popup product-details product-default"" data-section-id=""template--24209130029367__main"" data-section-type=""product"" data-has-combo=""false"" data-image-opo="""">\n<div class=""productView-bottom scroll-trigger animate--fade-in"">\n<div class=""container"">\n<div class=""tabs-contents tabs-contents-horizontal clearfix halo-text-format"">\n<div id=""tab-descripcion"" class=""tab-content is-active"">\n<div id=""tab-descripcion-mobile"" class=""toggle-content is-active popup-mobile"" data-product-description-10253666189623="""">\n<div class=""tab-popup-content"">\n<div id=""shopify-section-template--24209130029367__main"" class=""shopify-section"">\n<div id=""ProductSection-template--24209130029367__main"" class=""popup product-details product-default"" data-section-id=""template--24209130029367__main"" data-section-type=""product"" data-has-combo=""false"" data-image-opo="""">\n<div class=""productView-bottom scroll-trigger animate--fade-in"">\n<div class=""container"">\n<div class=""tabs-contents tabs-contents-horizontal clearfix halo-text-format"">\n<div id=""tab-descripcion"" class=""tab-content is-active"">\n<div id=""tab-descripcion-mobile"" class=""toggle-content is-active popup-mobile"" data-product-description-10254851539255="""">\n<div class=""tab-popup-content"">\n\n<strong>Lanzamiento 24 de Octubre</strong>\n\n<strong>¡Es hora de un Megacombate!</strong>\n\n¡Dos nuevos Mazos Megacombate de JCC Pokémon están listos para la acción! Únete a Mega-Gengar ex para combatir desde las sombras, o elige a Mega-Diancie ex y deslumbra a tus rivales con tus valiosas habilidades. Cada mazo incluye un poderoso Pokémon ex y todo lo que necesitas para ponerte a jugar enseguida.\n\n<strong>En cada caja encontrarás:</strong>\n• 1 mazo de 60 cartas listo para jugar\n• 1 set de contadores de daño\n• 1 moneda grande\n• 1 portamazo\n• 1 tapete reversible con estrategias\n• 1 carta con código para jugar con este mazo en línea\n\n</div>\n</div>\n</div>\n</div>\n</div>\n</div>\n</div>\n</div>\n<div id=""shopify-section-template--24209130029367__product-recommendations"" class=""shopify-section halo-product-block-sections"">\n<div id=""halo-recommendations-block-template--24209130029367__product-recommendations"" class=""halo-block halo-product-block halo-recommendations-block section-block-template--24209130029367__product-recommendations scroll-trigger animate--slide-in"" data-limit=""10"" data-layout=""slider"" data-url=""/recommendations/products?section_id=template--24209130029367__product-recommendations&amp;product_id=10254851539255&amp;limit=10"" data-image-ratio="""" data-swipe=""false"" data-recommendations-block="""">\n<div class=""wrapper-container container"">\n<div class=""halo-block-header text-center block-title--style1""></div>\n</div>\n</div>\n</div>\n</div>\n</div>\n</div>\n</div>\n</div>\n</div>\n</div>\n</div>",,,taxable,,1,3,,0,0,1,20,10,20,0,,21990,25990,"Pokemon TCG, Pokemon TCG > Preventa",,,https://gamerhouse.cl/wp-content/uploads/2025/09/diance.jpg,,,,,,,,,0,,default,right-sidebar,155,no,
